unidade;setor_centro_custo;ano;mes;obito_hospitalar;obito_institucional
CHPB;UNIDADE DE CUIDADOS CONTINUADOS INTEGRADOS;2022;3;1;0
CHPB;UNIDADE DE TRATAMENTO CLINICO;2022;4;1;0
CHPB;UNIDADE DE CUIDADOS CONTINUADOS INTEGRADOS;2022;7;1;0
CHPB;UNIDADE DE CUIDADOS CONTINUADOS INTEGRADOS;2022;9;2;0
CHPB;UNIDADE DE CUIDADOS CONTINUADOS INTEGRADOS;2022;10;1;0
CHPB;UNIDADE INTERNAÇÃO - PSIQUIATRIA;2022;10;1;0
CHPB;UNIDADE DE CUIDADOS CONTINUADOS INTEGRADOS;2022;11;2;0
CHPB;UNIDADE DE CUIDADOS CONTINUADOS INTEGRADOS;2023;2;1;0
CHPB;UNIDADE DE CUIDADOS CONTINUADOS INTEGRADOS;2023;3;1;0
CHPB;UNIDADE INTERNAÇÃO - PSIQUIATRIA;2023;4;1;1
CHPB;UNIDADE DE CUIDADOS CONTINUADOS INTEGRADOS;2023;5;1;0
CHPB;UNIDADE DE CUIDADOS CONTINUADOS INTEGRADOS;2023;7;2;1
CHPB;UNIDADE DE CUIDADOS CONTINUADOS INTEGRADOS;2023;8;2;2
CHPB;UNIDADE DE CUIDADOS CONTINUADOS INTEGRADOS;2023;9;2;1
CHPB;UNIDADE DE CUIDADOS CONTINUADOS INTEGRADOS;2023;10;4;3
CHPB;UNIDADE DE CUIDADOS CONTINUADOS INTEGRADOS;2023;11;1;1
CHPB;UNIDADE DE CUIDADOS CONTINUADOS INTEGRADOS;2023;12;1;1
CHPB;UNIDADE DE CUIDADOS CONTINUADOS INTEGRADOS;2024;2;1;1
CHPB;UNIDADE INTERNAÇÃO - PSIQUIATRIA;2024;2;1;1
CHPB;UNIDADE DE CUIDADOS CONTINUADOS INTEGRADOS;2024;3;1;1
CHPB;UNIDADE DE CUIDADOS CONTINUADOS INTEGRADOS;2024;5;1;1
CHPB;UNIDADE DE CUIDADOS PROLONGADOS/CHPB/CHB;2024;8;1;1
CHPB;CAC/CHPB/CHB;2024;9;1;1
CHPB;UNIDADE DE CUIDADOS PROLONGADOS/CHPB/CHB;2025;2;1;1
CHPB;UNIDADE DE CUIDADOS PROLONGADOS/CHPB/CHB;2025;4;1;1
CHPB;UNIDADE DE CUIDADOS PROLONGADOS/CHPB/CHB;2025;5;5;5
CHPB;LAR INCLUSIVO A/CHPB/CHB;2025;6;1;1
CHPB;UNIDADE DE CUIDADOS PROLONGADOS/CHPB/CHB;2025;6;2;2
CHPB;UNIDADE DE CUIDADOS PROLONGADOS/CHPB/CHB;2025;7;1;1
CHPB;UNIDADE DE CUIDADOS PROLONGADOS/CHPB/CHB;2025;8;2;2
CHPB;UNIDADE DE CUIDADOS PROLONGADOS/CHPB/CHB;2025;12;1;1
CSSFA;UNIDADE DE INTERNACAO CCI Cuidados Continuados Integ;2022;1;1;1
CSSFA;UNIDADE DE INTERNACAO CCI Cuidados Continuados Integ;2022;3;1;1
CSSFA;UNIDADE DE INTERNACAO CCI Cuidados Continuados Integ;2022;4;1;1
CSSFA;UNIDADE DE INTERNACAO CCI Cuidados Continuados Integ;2022;5;1;1
CSSFA;UNIDADE DE INTERNACAO CCI Cuidados Continuados Integ;2022;7;3;3
CSSFA;UNIDADE DE INTERNACAO CCI Cuidados Continuados Integ;2022;8;1;1
CSSFA;UNIDADE DE INTERNACAO CCI Cuidados Continuados Integ;2022;9;3;2
CSSFA;UNIDADE DE INTERNACAO CCI Cuidados Continuados Integ;2022;10;3;3
CSSFA;UNIDADE DE INTERNACAO CCI Cuidados Continuados Integ;2022;12;2;2
CSSFA;UNIDADE DE INTERNACAO CCI Cuidados Continuados Integ;2023;1;1;1
CSSFA;UNIDADE DE INTERNACAO CCI Cuidados Continuados Integ;2023;4;1;0
CSSFA;UNIDADE DE INTERNACAO CCI Cuidados Continuados Integ;2023;6;2;2
CSSFA;UNIDADE DE INTERNACAO CCI Cuidados Continuados Integ;2023;7;3;3
CSSFA;UNIDADE DE INTERNACAO CCI Cuidados Continuados Integ;2023;8;1;1
CSSFA;UNIDADE INTERNAÇÃO - CLINICA MÉDICA;2023;9;1;1
CSSFA;UNIDADE DE INTERNACAO CCI Cuidados Continuados Integ;2023;10;1;1
CSSFA;UNIDADE DE INTERNACAO CCI Cuidados Continuados Integ;2024;3;2;2
CSSFA;UNIDADE DE INTERNACAO CCI Cuidados Continuados Integ;2024;5;2;2
CSSFA;UNIDADE DE INTERNACAO CCI Cuidados Continuados Integ;2024;7;1;1
CSSFA;UNIDADE DE INTERNACAO CCI Cuidados Continuados Integ;2024;9;2;2
CSSFA;UNIDADE DE INTERNACAO CCI Cuidados Continuados Integ;2025;2;1;1
CSSFA;UNIDADE DE INTERNACAO CCI Cuidados Continuados Integ;2025;4;1;1
CSSFA;UNIDADE DE INTERNACAO CCI Cuidados Continuados Integ;2025;5;1;1
CSSFA;UNIDADE DE INTERNACAO CCI Cuidados Continuados Integ;2025;6;1;1
CSSFA;UNIDADE DE INTERNACAO CCI Cuidados Continuados Integ;2025;7;1;1
CSSFA;UNIDADE DE INTERNACAO CCI Cuidados Continuados Integ;2025;8;1;1
CSSFA;UNIDADE DE INTERNACAO CCI Cuidados Continuados Integ;2025;12;2;2
CSSI;UNIDADE INTERNAÇÃO - CLINICA MÉDICA ALA A;2022;1;1;1
CSSI;UNIDADE INTERNAÇÃO - CLINICA MÉDICA ALA B;2022;1;2;2
CSSI;UNIDADE INTERNAÇÃO - CLÍNICA MÉDICA FEMININA;2022;2;1;1
CSSI;UNIDADE URGENCIA/EMERGENCIA;2022;2;5;4
CSSI;UNIDADE INTERNAÇÃO - CLINICA MÉDICA ALA B;2022;3;2;2
CSSI;UNIDADE URGENCIA/EMERGENCIA;2022;3;3;2
CSSI;UNIDADE URGENCIA/EMERGENCIA;2022;4;4;3
CSSI;UNIDADE INTERNAÇÃO - CLINICA MÉDICA ALA B;2022;5;1;1
CSSI;UNIDADE URGENCIA/EMERGENCIA;2022;5;3;3
CSSI;UNIDADE DE CUIDADOS CONTINUADOS INTEGRADOS;2022;6;1;1
CSSI;UNIDADE INTERNAÇÃO - CLINICA MÉDICA ALA B;2022;6;1;1
CSSI;UNIDADE URGENCIA/EMERGENCIA;2022;6;2;2
CSSI;UNIDADE INTERNAÇÃO - CLINICA MÉDICA ALA A;2022;7;1;1
CSSI;UNIDADE URGENCIA/EMERGENCIA;2022;7;3;3
CSSI;UNIDADE URGENCIA/EMERGENCIA;2022;8;2;2
CSSI;UNIDADE URGENCIA/EMERGENCIA;2022;9;1;1
CSSI;UNIDADE DE CUIDADOS CONTINUADOS INTEGRADOS;2022;10;2;2
CSSI;UNIDADE INTERNAÇÃO - CLINICA MÉDICA ALA A;2022;10;2;2
CSSI;UNIDADE URGENCIA/EMERGENCIA;2022;10;1;1
CSSI;UNIDADE URGENCIA/EMERGENCIA;2022;12;1;1
CSSI;UNIDADE URGENCIA/EMERGENCIA;2023;1;3;3
CSSI;UNIDADE INTERNAÇÃO - CLINICA MÉDICA ALA A;2023;2;1;1
CSSI;UNIDADE URGENCIA/EMERGENCIA;2023;2;3;3
CSSI;UNIDADE URGENCIA/EMERGENCIA;2023;3;4;4
CSSI;UNIDADE INTERNAÇÃO - CLINICA MÉDICA ALA A;2023;4;1;0
CSSI;UNIDADE INTERNAÇÃO - CLINICA MÉDICA ALA B;2023;4;3;3
CSSI;UNIDADE INTERNAÇÃO - CLINICA MÉDICA ALA A;2023;5;1;1
CSSI;UNIDADE URGENCIA/EMERGENCIA;2023;5;2;1
CSSI;UNIDADE INTERNAÇÃO - CLINICA MÉDICA ALA B;2023;6;1;1
CSSI;UNIDADE URGENCIA/EMERGENCIA;2023;6;5;5
CSSI;UNIDADE DE CUIDADOS CONTINUADOS INTEGRADOS;2023;7;1;1
CSSI;UNIDADE INTERNAÇÃO - CLINICA MÉDICA ALA B;2023;7;1;1
CSSI;UNIDADE URGENCIA/EMERGENCIA;2023;7;5;4
CSSI;UNIDADE URGENCIA/EMERGENCIA;2023;8;3;1
CSSI;UNIDADE URGENCIA/EMERGENCIA;2023;9;8;8
CSSI;CLINICA MEDICA ALA A;2023;10;1;1
CSSI;CLÍNICA MÉDICA ALA C;2023;10;7;7
CSSI;CLÍNICA MÉDICA ALA C;2023;11;3;3
CSSI;UNIDADE DE CUIDADOS PROLONGADOS - ALA B;2023;11;1;1
CSSI;CLÍNICA MÉDICA ALA C;2023;12;7;7
CSSI;UNIDADE URGÊNCIA/EMERGÊNCIA - OBSERVAÇÃO;2023;12;1;1
CSSI;CLÍNICA MÉDICA ALA C;2024;1;2;1
CSSI;LAR INCLUSIVO B / LAR FEMININO-MASCULINO;2024;1;1;1
CSSI;CLÍNICA MÉDICA ALA C;2024;2;3;3
CSSI;UNIDADE DE CUIDADOS PROLONGADOS - ALA B;2024;2;1;1
CSSI;UNIDADE URGÊNCIA/EMERGÊNCIA - OBSERVAÇÃO;2024;2;2;1
CSSI;CLÍNICA MÉDICA ALA C;2024;3;1;1
CSSI;UNIDADE DE CUIDADOS PROLONGADOS - ALA B;2024;3;1;1
CSSI;UNIDADES DE CUIDADOS PROLONGADOS - UCP;2024;3;1;1
CSSI;CLINICA MEDICA ALA A;2024;4;1;1
CSSI;UNIDADE DE CUIDADOS PROLONGADOS - ALA B;2024;4;2;2
CSSI;CLÍNICA MÉDICA ALA C;2024;5;3;3
CSSI;UNIDADE URGÊNCIA/EMERGÊNCIA - OBSERVAÇÃO;2024;5;1;1
CSSI;CLÍNICA MÉDICA ALA C;2024;6;2;2
CSSI;CLÍNICA MÉDICA ALA C;2024;7;2;2
CSSI;UNIDADE DE CUIDADOS PROLONGADOS - ALA A;2024;7;1;1
CSSI;UNIDADE DE CUIDADOS PROLONGADOS - ALA B;2024;7;1;1
CSSI;CLÍNICA MÉDICA ALA C;2024;8;5;5
CSSI;UNIDADES DE CUIDADOS PROLONGADOS - UCP;2024;8;1;1
CSSI;CLÍNICA MÉDICA ALA C;2024;9;1;1
CSSI;UNIDADE DE CUIDADOS PROLONGADOS - ALA A;2024;9;1;1
CSSI;UNIDADE DE CUIDADOS PROLONGADOS - ALA B;2024;9;2;2
CSSI;CLÍNICA MÉDICA ALA C;2024;10;1;0
CSSI;UNIDADE DE CUIDADOS PROLONGADOS - ALA A;2024;10;1;1
CSSI;CLÍNICA MÉDICA ALA C;2024;11;5;5
CSSI;UNIDADE DE CUIDADOS PROLONGADOS - ALA A;2024;11;2;2
CSSI;UNIDADE DE CUIDADOS PROLONGADOS - ALA B;2024;11;1;1
CSSI;CLÍNICA MÉDICA ALA C;2024;12;4;4
CSSI;UNIDADE DE CUIDADOS PROLONGADOS - ALA A;2024;12;1;1
CSSI;CLÍNICA MÉDICA ALA C;2025;1;2;2
CSSI;UNIDADE DE CUIDADOS PROLONGADOS - ALA A;2025;1;1;1
CSSI;UNIDADE URGÊNCIA/EMERGÊNCIA - OBSERVAÇÃO;2025;1;1;1
CSSI;CLÍNICA MÉDICA ALA C;2025;2;3;2
CSSI;UNIDADES DE CUIDADOS PROLONGADOS - UCP;2025;2;2;2
CSSI;CLÍNICA MÉDICA ALA C;2025;3;2;1
CSSI;UNIDADE DE CUIDADOS PROLONGADOS - ALA A;2025;3;1;1
CSSI;CLÍNICA MÉDICA ALA C;2025;4;2;2
CSSI;UNIDADE DE CUIDADOS PROLONGADOS - ALA A;2025;4;3;3
CSSI;UNIDADE DE CUIDADOS PROLONGADOS - ALA B;2025;4;2;2
CSSI;CLÍNICA MÉDICA ALA C;2025;5;3;2
CSSI;UNIDADE DE CUIDADOS PROLONGADOS - ALA B;2025;5;1;1
CSSI;UNIDADE URGÊNCIA/EMERGÊNCIA;2025;5;2;2
CSSI;CLÍNICA MÉDICA ALA C;2025;6;1;1
CSSI;LAR INCLUSIVO B / LAR FEMININO-MASCULINO;2025;6;1;1
CSSI;UNIDADE DE CUIDADOS PROLONGADOS - ALA A;2025;6;4;4
CSSI;UNIDADE DE CUIDADOS PROLONGADOS - ALA B;2025;6;1;1
CSSI;UNIDADE URGÊNCIA/EMERGÊNCIA - OBSERVAÇÃO;2025;6;1;1
CSSI;CLÍNICA MÉDICA ALA B;2025;7;1;1
CSSI;CLÍNICA MÉDICA ALA C;2025;7;2;2
CSSI;UNIDADE URGÊNCIA/EMERGÊNCIA - OBSERVAÇÃO;2025;7;1;1
CSSI;CLÍNICA MÉDICA ALA B;2025;8;1;1
CSSI;UNIDADE DE CUIDADOS PROLONGADOS - ALA B;2025;8;1;1
CSSI;UNIDADE URGÊNCIA/EMERGÊNCIA - OBSERVAÇÃO;2025;8;1;1
CSSI;CLÍNICA MÉDICA ALA C;2025;9;2;2
CSSI;UNIDADE DE CUIDADOS PROLONGADOS - ALA A;2025;9;1;1
CSSI;UNIDADE DE CUIDADOS PROLONGADOS - ALA B;2025;9;1;1
CSSI;CLÍNICA MÉDICA ALA C;2025;10;7;6
CSSI;LAR INCLUSIVO B / LAR FEMININO-MASCULINO;2025;10;1;1
CSSI;UNIDADE DE CUIDADOS PROLONGADOS - ALA B;2025;10;1;1
CSSI;UNIDADES DE CUIDADOS PROLONGADOS - UCP;2025;10;1;1
CSSI;CLÍNICA MÉDICA ALA C;2025;11;3;3
CSSI;UNIDADE URGÊNCIA/EMERGÊNCIA - OBSERVAÇÃO;2025;11;1;1
CSSI;CLÍNICA MÉDICA ALA C;2025;12;2;2
CSSI;UNIDADE URGÊNCIA/EMERGÊNCIA - OBSERVAÇÃO;2025;12;1;1
HAC;UNIDADE INTERNAÇÃO - CIRURGIA GERAL;2022;1;1;1
HAC;UNIDADE INTERNAÇÃO - CLINICA MÉDICA;2022;1;16;16
HAC;UTI - ADULTO;2022;1;5;4
HAC;UNIDADE INTERNAÇÃO - CIRURGIA GERAL;2022;2;1;1
HAC;UNIDADE INTERNAÇÃO - CLINICA MÉDICA;2022;2;16;14
HAC;UTI - ADULTO;2022;2;3;3
HAC;UNIDADE INTERNAÇÃO - CIRURGIA GERAL;2022;3;1;1
HAC;UNIDADE INTERNAÇÃO - CLINICA MÉDICA;2022;3;15;14
HAC;UTI - ADULTO;2022;3;4;4
HAC;UNIDADE INTERNAÇÃO - CIRURGIA GERAL;2022;4;1;1
HAC;UNIDADE INTERNAÇÃO - CLINICA MÉDICA;2022;4;10;10
HAC;UTI - ADULTO;2022;4;6;5
HAC;AMBULATORIO - ESPECIALIDADES;2022;5;1;1
HAC;UNIDADE INTERNAÇÃO - CIRURGIA GERAL;2022;5;3;3
HAC;UNIDADE INTERNAÇÃO - CLINICA MÉDICA;2022;5;6;6
HAC;UTI - ADULTO;2022;5;12;11
HAC;UNIDADE INTERNAÇÃO - CLINICA MÉDICA;2022;6;16;15
HAC;UTI - ADULTO;2022;6;7;6
HAC;UNIDADE INTERNAÇÃO - CIRURGIA GERAL;2022;7;2;2
HAC;UNIDADE INTERNAÇÃO - CLINICA MÉDICA;2022;7;13;13
HAC;UTI - ADULTO;2022;7;6;6
HAC;UNIDADE INTERNAÇÃO - CIRURGIA GERAL;2022;8;3;3
HAC;UNIDADE INTERNAÇÃO - CLINICA MÉDICA;2022;8;9;7
HAC;UTI - ADULTO;2022;8;12;11
HAC;UNIDADE INTERNAÇÃO - CLINICA CIRURGICA;2022;9;5;5
HAC;UNIDADE INTERNAÇÃO - CLINICA MÉDICA;2022;9;5;5
HAC;UTI - ADULTO;2022;9;5;5
HAC;UNIDADE INTERNAÇÃO - CLINICA CIRURGICA;2022;10;3;3
HAC;UNIDADE INTERNAÇÃO - CLINICA MÉDICA;2022;10;16;15
HAC;UTI - ADULTO;2022;10;6;6
HAC;UNIDADE INTERNAÇÃO - CLINICA CIRURGICA;2022;11;2;0
HAC;UNIDADE INTERNAÇÃO - CLINICA MÉDICA;2022;11;10;10
HAC;UTI - ADULTO;2022;11;9;9
HAC;UNIDADE INTERNAÇÃO - CLINICA CIRURGICA;2022;12;2;1
HAC;UNIDADE INTERNAÇÃO - CLINICA MÉDICA;2022;12;11;11
HAC;UTI - ADULTO;2022;12;7;7
HAC;UNIDADE INTERNAÇÃO - CLINICA CIRURGICA;2023;1;4;4
HAC;UNIDADE INTERNAÇÃO - CLINICA MÉDICA;2023;1;12;10
HAC;UTI - ADULTO;2023;1;6;6
HAC;UNIDADE INTERNAÇÃO - CLINICA CIRURGICA;2023;2;2;2
HAC;UNIDADE INTERNAÇÃO - CLINICA MÉDICA;2023;2;19;18
HAC;UTI - ADULTO;2023;2;5;5
HAC;UNIDADE INTERNAÇÃO - CLINICA CIRURGICA;2023;3;5;4
HAC;UNIDADE INTERNAÇÃO - CLINICA MÉDICA;2023;3;21;20
HAC;UTI - ADULTO;2023;3;10;10
HAC;UNIDADE INTERNAÇÃO - CLINICA CIRURGICA;2023;4;2;2
HAC;UNIDADE INTERNAÇÃO - CLINICA MÉDICA;2023;4;13;13
HAC;UTI - ADULTO;2023;4;7;7
HAC;UNIDADE INTERNAÇÃO - CLINICA CIRURGICA;2023;5;2;2
HAC;UNIDADE INTERNAÇÃO - CLINICA MÉDICA;2023;5;19;18
HAC;UTI - ADULTO;2023;5;10;10
HAC;UNIDADE INTERNAÇÃO - CLINICA CIRURGICA;2023;6;4;4
HAC;UNIDADE INTERNAÇÃO - CLINICA MÉDICA;2023;6;12;12
HAC;UTI - ADULTO;2023;6;9;7
HAC;UNIDADE INTERNAÇÃO - CLINICA CIRURGICA;2023;7;6;5
HAC;UNIDADE INTERNAÇÃO - CLINICA MÉDICA;2023;7;16;16
HAC;UTI - ADULTO;2023;7;9;8
HAC;UNIDADE INTERNAÇÃO - CLINICA CIRURGICA;2023;8;4;4
HAC;UNIDADE INTERNAÇÃO - CLINICA MÉDICA;2023;8;9;8
HAC;UTI - ADULTO;2023;8;11;11
HAC;UNIDADE INTERNAÇÃO - CLINICA CIRURGICA;2023;9;1;1
HAC;UNIDADE INTERNAÇÃO - CLINICA MÉDICA;2023;9;22;22
HAC;UTI - ADULTO;2023;9;8;8
HAC;UNIDADE INTERNAÇÃO - CLINICA CIRURGICA;2023;10;4;4
HAC;UNIDADE INTERNAÇÃO - CLINICA MÉDICA;2023;10;22;21
HAC;UTI - ADULTO;2023;10;4;4
HAC;UNIDADE INTERNAÇÃO - CLINICA CIRURGICA;2023;11;3;3
HAC;UNIDADE INTERNAÇÃO - CLINICA MÉDICA;2023;11;16;16
HAC;UTI - ADULTO;2023;11;7;7
HAC;UNIDADE INTERNAÇÃO - CLINICA CIRURGICA;2023;12;2;2
HAC;UNIDADE INTERNAÇÃO - CLINICA MÉDICA;2023;12;13;13
HAC;UTI - ADULTO;2023;12;6;6
HAC;UNIDADE INTERNAÇÃO - CLINICA CIRURGICA;2024;1;2;2
HAC;UNIDADE INTERNAÇÃO - CLINICA MÉDICA;2024;1;25;24
HAC;UTI - ADULTO;2024;1;6;6
HAC;UNIDADE INTERNAÇÃO - CLINICA CIRURGICA;2024;2;3;2
HAC;UNIDADE INTERNAÇÃO - CLINICA MÉDICA;2024;2;16;16
HAC;UTI - ADULTO;2024;2;5;5
HAC;UNIDADE INTERNAÇÃO - CLINICA MÉDICA;2024;3;22;21
HAC;UTI - ADULTO;2024;3;6;6
HAC;UNIDADE INTERNAÇÃO - CLINICA CIRURGICA;2024;4;1;1
HAC;UNIDADE INTERNAÇÃO - CLINICA MÉDICA;2024;4;23;22
HAC;UTI - ADULTO;2024;4;8;6
HAC;UNIDADE INTERNAÇÃO - CLINICA CIRURGICA;2024;5;2;2
HAC;UNIDADE INTERNAÇÃO - CLINICA MÉDICA;2024;5;24;22
HAC;UTI - ADULTO;2024;5;5;5
HAC;UNIDADE INTERNAÇÃO - CLINICA CIRURGICA;2024;6;4;2
HAC;UNIDADE INTERNAÇÃO - CLINICA MÉDICA;2024;6;14;14
HAC;UTI - ADULTO;2024;6;2;2
HAC;UNIDADE INTERNAÇÃO - CLINICA MÉDICA;2024;7;21;19
HAC;UTI - ADULTO;2024;7;4;4
HAC;UNIDADE INTERNAÇÃO - CLINICA CIRURGICA;2024;8;1;1
HAC;UNIDADE INTERNAÇÃO - CLINICA MÉDICA;2024;8;18;16
HAC;UTI - ADULTO;2024;8;6;6
HAC;UNIDADE INTERNAÇÃO - CLINICA MÉDICA;2024;9;22;21
HAC;UTI - ADULTO;2024;9;7;6
HAC;UNIDADE INTERNAÇÃO - CLINICA CIRURGICA;2024;10;2;1
HAC;UNIDADE INTERNAÇÃO - CLINICA MÉDICA;2024;10;19;18
HAC;UTI - ADULTO;2024;10;3;3
HAC;UNIDADE INTERNAÇÃO - CLINICA CIRURGICA;2024;11;1;1
HAC;UNIDADE INTERNAÇÃO - CLINICA MÉDICA;2024;11;20;20
HAC;UTI - ADULTO;2024;11;9;9
HAC;UNIDADE INTERNAÇÃO - CLINICA CIRURGICA;2024;12;3;3
HAC;UNIDADE INTERNAÇÃO - CLINICA MÉDICA;2024;12;19;19
HAC;UTI - ADULTO;2024;12;3;3
HAC;UNIDADE INTERNAÇÃO - CLINICA CIRURGICA;2025;1;5;4
HAC;UNIDADE INTERNAÇÃO - CLINICA MÉDICA;2025;1;30;29
HAC;UTI - ADULTO;2025;1;7;7
HAC;UNIDADE INTERNAÇÃO - CLINICA CIRURGICA;2025;2;3;3
HAC;UNIDADE INTERNAÇÃO - CLINICA MÉDICA;2025;2;21;21
HAC;UTI - ADULTO;2025;2;8;7
HAC;UNIDADE INTERNAÇÃO - CLINICA CIRURGICA;2025;3;4;4
HAC;UNIDADE INTERNAÇÃO - CLINICA MÉDICA;2025;3;14;14
HAC;UTI - ADULTO;2025;3;3;3
HAC;UNIDADE INTERNAÇÃO - CLINICA CIRURGICA;2025;4;1;1
HAC;UNIDADE INTERNAÇÃO - CLINICA MÉDICA;2025;4;20;20
HAC;UTI - ADULTO;2025;4;5;5
HAC;UNIDADE INTERNAÇÃO - CLINICA CIRURGICA;2025;5;3;3
HAC;UNIDADE INTERNAÇÃO - CLINICA MÉDICA;2025;5;23;23
HAC;UTI - ADULTO;2025;5;14;14
HAC;UNIDADE INTERNAÇÃO - CLINICA CIRURGICA;2025;6;5;5
HAC;UNIDADE INTERNAÇÃO - CLINICA MÉDICA;2025;6;20;18
HAC;UTI - ADULTO;2025;6;6;6
HAC;UNIDADE INTERNAÇÃO - CLINICA CIRURGICA;2025;7;6;6
HAC;UNIDADE INTERNAÇÃO - CLINICA MÉDICA;2025;7;33;26
HAC;UTI - ADULTO;2025;7;5;5
HAC;UNIDADE INTERNAÇÃO - CLINICA CIRURGICA;2025;8;3;3
HAC;UNIDADE INTERNAÇÃO - CLINICA MÉDICA;2025;8;22;20
HAC;UTI - ADULTO;2025;8;10;10
HAC;UNIDADE INTERNAÇÃO - CLINICA CIRURGICA;2025;9;4;3
HAC;UNIDADE INTERNAÇÃO - CLINICA MÉDICA;2025;9;8;8
HAC;UTI - ADULTO;2025;9;5;5
HAC;CTI ADULTO;2025;10;4;4
HAC;UNIDADE DE INTERNAÇÃO - CLÍNICA CIRÚRGICA;2025;10;5;5
HAC;UNIDADE DE INTERNAÇÃO - CLÍNICA MÉDICA;2025;10;6;6
HAC;UNIDADE INTERNAÇÃO - CLINICA CIRURGICA;2025;10;1;1
HAC;UNIDADE INTERNAÇÃO - CLINICA MÉDICA;2025;10;9;8
HAC;UTI - ADULTO;2025;10;3;3
HAC;CTI ADULTO;2025;11;3;3
HAC;UDC - OBSERVAÇÃO;2025;11;2;1
HAC;UNIDADE DE INTERNAÇÃO - CLÍNICA CIRÚRGICA;2025;11;1;1
HAC;UNIDADE DE INTERNAÇÃO - CLÍNICA MÉDICA;2025;11;19;19
HAC;CTI ADULTO;2025;12;6;6
HAC;UDC - OBSERVAÇÃO;2025;12;3;3
HAC;UNIDADE DE INTERNAÇÃO - CLÍNICA CIRÚRGICA;2025;12;4;4
HAC;UNIDADE DE INTERNAÇÃO - CLÍNICA MÉDICA;2025;12;10;10
HCM;UNIDADE DE CUIDADOS CONTINUADOS INTEGRADOS;2022;1;2;2
HCM;UNIDADE DE CUIDADOS CONTINUADOS INTEGRADOS;2022;2;1;1
HCM;UNIDADE DE CUIDADOS CONTINUADOS INTEGRADOS;2022;3;3;2
HCM;UNIDADE DE CUIDADOS CONTINUADOS INTEGRADOS;2022;4;1;0
HCM;UNIDADE DE CUIDADOS CONTINUADOS INTEGRADOS;2022;5;2;2
HCM;UNIDADE DE CUIDADOS CONTINUADOS INTEGRADOS;2022;6;1;1
HCM;UNIDADE DE CUIDADOS CONTINUADOS INTEGRADOS;2022;8;1;1
HCM;UNIDADE DE CUIDADOS CONTINUADOS INTEGRADOS;2022;9;2;1
HCM;UNIDADE DE CUIDADOS CONTINUADOS INTEGRADOS;2022;10;2;2
HCM;UNIDADE DE CUIDADOS CONTINUADOS INTEGRADOS;2023;1;2;2
HCM;UNIDADE DE CUIDADOS CONTINUADOS INTEGRADOS;2023;2;1;1
HCM;UNIDADE DE CUIDADOS CONTINUADOS INTEGRADOS;2023;4;1;1
HCM;UNIDADE DE CUIDADOS CONTINUADOS INTEGRADOS;2023;5;1;1
HCM;UNIDADE DE CUIDADOS CONTINUADOS INTEGRADOS;2023;6;4;2
HCM;BLOCO CIRURGICO;2023;7;1;1
HCM;UNIDADE DE CUIDADOS CONTINUADOS INTEGRADOS;2023;7;1;0
HCM;UNIDADE DE CUIDADOS CONTINUADOS INTEGRADOS;2023;8;1;0
HCM;UNIDADE DE CUIDADOS CONTINUADOS INTEGRADOS;2023;9;2;2
HCM;UNIDADE DE CUIDADOS CONTINUADOS INTEGRADOS;2023;10;1;1
HCM;UNIDADE DE CUIDADOS CONTINUADOS INTEGRADOS;2023;11;1;1
HCM;UNIDADE DE CUIDADOS CONTINUADOS INTEGRADOS;2023;12;2;2
HCM;UNIDADE DE CUIDADOS CONTINUADOS INTEGRADOS;2024;1;1;1
HCM;UNIDADE DE CUIDADOS CONTINUADOS INTEGRADOS;2024;3;4;4
HCM;UNIDADE DE CUIDADOS CONTINUADOS INTEGRADOS;2024;4;4;3
HCM;UNIDADE DE CUIDADOS CONTINUADOS INTEGRADOS;2024;5;2;2
HCM;UNIDADE DE CUIDADOS CONTINUADOS INTEGRADOS;2024;7;1;1
HCM;UNIDADE DE CUIDADOS CONTINUADOS INTEGRADOS;2024;8;2;2
HCM;UNIDADE DE CUIDADOS CONTINUADOS INTEGRADOS;2024;9;1;1
HCM;UNIDADE DE CUIDADOS CONTINUADOS INTEGRADOS;2024;12;2;2
HCM;UNIDADE DE CUIDADOS CONTINUADOS INTEGRADOS;2025;1;2;2
HCM;UNIDADE DE CUIDADOS CONTINUADOS INTEGRADOS;2025;4;3;3
HCM;UNIDADE DE CUIDADOS CONTINUADOS INTEGRADOS;2025;5;1;1
HCM;UNIDADE DE CUIDADOS CONTINUADOS INTEGRADOS;2025;6;1;1
HCM;UNIDADE DE CUIDADOS CONTINUADOS INTEGRADOS;2025;7;5;4
HCM;UNIDADE DE CUIDADOS CONTINUADOS INTEGRADOS;2025;8;4;4
HCM;UNIDADE DE CUIDADOS CONTINUADOS INTEGRADOS;2025;9;6;6
HCM;UNIDADE DE CUIDADOS CONTINUADOS INTEGRADOS;2025;10;1;1
HCM;UICP - ALA A;2025;11;1;1
HCM;UICP - ALA B;2025;12;1;1
HEM;UNIDADE INTERNAÇÃO - DOENÇAS INFECTO-CONTAGIOSAS E PARASITÁRIAS DOENÇAS INFECTO CONTAGIOSAS;2022;1;10;9
HEM;UTI - ADULTO;2022;1;23;21
HEM;UNIDADE INTERNAÇÃO - DOENÇAS INFECTO-CONTAGIOSAS E PARASITÁRIAS DOENÇAS INFECTO CONTAGIOSAS;2022;2;6;6
HEM;UTI - ADULTO;2022;2;18;17
HEM;UNIDADE INTERNAÇÃO - DOENÇAS INFECTO-CONTAGIOSAS E PARASITÁRIAS DOENÇAS INFECTO CONTAGIOSAS;2022;3;3;3
HEM;UTI - ADULTO;2022;3;15;14
HEM;UNIDADE INTERNAÇÃO - DOENÇAS INFECTO-CONTAGIOSAS E PARASITÁRIAS DOENÇAS INFECTO CONTAGIOSAS;2022;4;2;2
HEM;UTI - ADULTO;2022;4;13;10
HEM;UNIDADE INTERNAÇÃO - DOENÇAS INFECTO-CONTAGIOSAS E PARASITÁRIAS DOENÇAS INFECTO CONTAGIOSAS;2022;5;7;7
HEM;UTI - ADULTO;2022;5;16;16
HEM;UNIDADE INTERNAÇÃO - DOENÇAS INFECTO-CONTAGIOSAS E PARASITÁRIAS DOENÇAS INFECTO CONTAGIOSAS;2022;6;8;7
HEM;UTI - ADULTO;2022;6;5;5
HEM;UNIDADE INTERNAÇÃO - DOENÇAS INFECTO-CONTAGIOSAS E PARASITÁRIAS DOENÇAS INFECTO CONTAGIOSAS;2022;7;8;7
HEM;UTI - ADULTO;2022;7;14;13
HEM;UNIDADE INTERNAÇÃO - DOENÇAS INFECTO-CONTAGIOSAS E PARASITÁRIAS DOENÇAS INFECTO CONTAGIOSAS;2022;8;3;3
HEM;UTI - ADULTO;2022;8;9;8
HEM;UNIDADE INTERNAÇÃO - DOENÇAS INFECTO-CONTAGIOSAS E PARASITÁRIAS DOENÇAS INFECTO CONTAGIOSAS;2022;9;5;4
HEM;UTI - ADULTO;2022;9;10;9
HEM;UNIDADE INTERNAÇÃO - DOENÇAS INFECTO-CONTAGIOSAS E PARASITÁRIAS DOENÇAS INFECTO CONTAGIOSAS;2022;10;7;5
HEM;UTI - ADULTO;2022;10;3;1
HEM;UNIDADE INTERNAÇÃO - DOENÇAS INFECTO-CONTAGIOSAS E PARASITÁRIAS DOENÇAS INFECTO CONTAGIOSAS;2022;11;16;16
HEM;UTI - ADULTO;2022;11;4;4
HEM;UNIDADE INTERNAÇÃO - DOENÇAS INFECTO-CONTAGIOSAS E PARASITÁRIAS DOENÇAS INFECTO CONTAGIOSAS;2022;12;5;5
HEM;UTI - ADULTO;2022;12;10;9
HEM;UNIDADE INTERNAÇÃO - DOENÇAS INFECTO-CONTAGIOSAS E PARASITÁRIAS DOENÇAS INFECTO CONTAGIOSAS;2023;1;5;5
HEM;UTI - ADULTO;2023;1;9;9
HEM;UNIDADE INTERNAÇÃO - DOENÇAS INFECTO-CONTAGIOSAS E PARASITÁRIAS DOENÇAS INFECTO CONTAGIOSAS;2023;2;5;5
HEM;UTI - ADULTO;2023;2;9;8
HEM;UNIDADE INTERNAÇÃO - DOENÇAS INFECTO-CONTAGIOSAS E PARASITÁRIAS DOENÇAS INFECTO CONTAGIOSAS;2023;3;3;2
HEM;UTI - ADULTO;2023;3;13;12
HEM;UNIDADE INTERNAÇÃO - DOENÇAS INFECTO-CONTAGIOSAS E PARASITÁRIAS DOENÇAS INFECTO CONTAGIOSAS;2023;4;3;3
HEM;UTI - ADULTO;2023;4;1;1
HEM;UNIDADE INTERNAÇÃO - DOENÇAS INFECTO-CONTAGIOSAS E PARASITÁRIAS DOENÇAS INFECTO CONTAGIOSAS;2023;5;3;3
HEM;UTI - ADULTO;2023;5;9;8
HEM;UNIDADE INTERNAÇÃO - DOENÇAS INFECTO-CONTAGIOSAS E PARASITÁRIAS DOENÇAS INFECTO CONTAGIOSAS;2023;6;8;7
HEM;UTI - ADULTO;2023;6;2;2
HEM;UNIDADE INTERNAÇÃO - DOENÇAS INFECTO-CONTAGIOSAS E PARASITÁRIAS DOENÇAS INFECTO CONTAGIOSAS;2023;7;2;2
HEM;UTI - ADULTO;2023;7;7;7
HEM;UNIDADE INTERNAÇÃO - DOENÇAS INFECTO-CONTAGIOSAS E PARASITÁRIAS DOENÇAS INFECTO CONTAGIOSAS;2023;8;5;3
HEM;UTI - ADULTO;2023;8;12;12
HEM;UNIDADE INTERNAÇÃO - DOENÇAS INFECTO-CONTAGIOSAS E PARASITÁRIAS DOENÇAS INFECTO CONTAGIOSAS;2023;9;7;7
HEM;UTI - ADULTO;2023;9;6;6
HEM;UNIDADE INTERNAÇÃO - DOENÇAS INFECTO-CONTAGIOSAS E PARASITÁRIAS DOENÇAS INFECTO CONTAGIOSAS;2023;10;4;3
HEM;UTI - ADULTO;2023;10;8;8
HEM;UNIDADE INTERNAÇÃO - DOENÇAS INFECTO-CONTAGIOSAS E PARASITÁRIAS DOENÇAS INFECTO CONTAGIOSAS;2023;11;8;8
HEM;UTI - ADULTO;2023;11;6;6
HEM;UNIDADE INTERNAÇÃO - DOENÇAS INFECTO-CONTAGIOSAS E PARASITÁRIAS DOENÇAS INFECTO CONTAGIOSAS;2023;12;8;8
HEM;UTI - ADULTO;2023;12;14;14
HEM;UNIDADE INTERNAÇÃO - DOENÇAS INFECTO-CONTAGIOSAS E PARASITÁRIAS DOENÇAS INFECTO CONTAGIOSAS;2024;1;5;5
HEM;UTI - ADULTO;2024;1;11;11
HEM;UNIDADE INTERNAÇÃO - DOENÇAS INFECTO-CONTAGIOSAS E PARASITÁRIAS DOENÇAS INFECTO CONTAGIOSAS;2024;2;5;4
HEM;UTI - ADULTO;2024;2;5;4
HEM;UNIDADE INTERNAÇÃO - DOENÇAS INFECTO-CONTAGIOSAS E PARASITÁRIAS DOENÇAS INFECTO CONTAGIOSAS;2024;3;6;6
HEM;UTI - ADULTO;2024;3;6;4
HEM;UNIDADE INTERNAÇÃO - DOENÇAS INFECTO-CONTAGIOSAS E PARASITÁRIAS DOENÇAS INFECTO CONTAGIOSAS;2024;4;3;3
HEM;UTI - ADULTO;2024;4;8;6
HEM;UNIDADE INTERNAÇÃO - DOENÇAS INFECTO-CONTAGIOSAS E PARASITÁRIAS DOENÇAS INFECTO CONTAGIOSAS;2024;5;6;6
HEM;UTI - ADULTO;2024;5;8;8
HEM;UNIDADE INTERNAÇÃO - DOENÇAS INFECTO-CONTAGIOSAS E PARASITÁRIAS DOENÇAS INFECTO CONTAGIOSAS;2024;6;9;9
HEM;UTI - ADULTO;2024;6;9;9
HEM;UNIDADE INTERNAÇÃO - DOENÇAS INFECTO-CONTAGIOSAS E PARASITÁRIAS DOENÇAS INFECTO CONTAGIOSAS;2024;7;4;4
HEM;UTI - ADULTO;2024;7;2;2
HEM;UNIDADE INTERNAÇÃO - DOENÇAS INFECTO-CONTAGIOSAS E PARASITÁRIAS DOENÇAS INFECTO CONTAGIOSAS;2024;8;5;5
HEM;UTI - ADULTO;2024;8;3;3
HEM;UNIDADE INTERNAÇÃO - DOENÇAS INFECTO-CONTAGIOSAS E PARASITÁRIAS DOENÇAS INFECTO CONTAGIOSAS;2024;9;2;1
HEM;UTI - ADULTO;2024;9;12;12
HEM;UNIDADE INTERNAÇÃO - DOENÇAS INFECTO-CONTAGIOSAS E PARASITÁRIAS DOENÇAS INFECTO CONTAGIOSAS;2024;10;2;2
HEM;UTI - ADULTO;2024;10;2;2
HEM;UNIDADE INTERNAÇÃO - DOENÇAS INFECTO-CONTAGIOSAS E PARASITÁRIAS DOENÇAS INFECTO CONTAGIOSAS;2024;11;3;3
HEM;UTI - ADULTO;2024;11;9;9
HEM;UNIDADE INTERNAÇÃO - DOENÇAS INFECTO-CONTAGIOSAS E PARASITÁRIAS DOENÇAS INFECTO CONTAGIOSAS;2024;12;3;1
HEM;UTI - ADULTO;2024;12;10;10
HEM;UNIDADE INTERNAÇÃO - DOENÇAS INFECTO-CONTAGIOSAS E PARASITÁRIAS DOENÇAS INFECTO CONTAGIOSAS;2025;1;6;6
HEM;UTI - ADULTO;2025;1;4;4
HEM;UNIDADE INTERNAÇÃO - DOENÇAS INFECTO-CONTAGIOSAS E PARASITÁRIAS DOENÇAS INFECTO CONTAGIOSAS;2025;2;6;6
HEM;UTI - ADULTO;2025;2;9;8
HEM;UNIDADE INTERNAÇÃO - DOENÇAS INFECTO-CONTAGIOSAS E PARASITÁRIAS DOENÇAS INFECTO CONTAGIOSAS;2025;3;2;2
HEM;UTI - ADULTO;2025;3;9;8
HEM;UNIDADE INTERNAÇÃO - DOENÇAS INFECTO-CONTAGIOSAS E PARASITÁRIAS DOENÇAS INFECTO CONTAGIOSAS;2025;4;4;3
HEM;UTI - ADULTO;2025;4;10;10
HEM;UNIDADE INTERNAÇÃO - DOENÇAS INFECTO-CONTAGIOSAS E PARASITÁRIAS DOENÇAS INFECTO CONTAGIOSAS;2025;5;3;3
HEM;UTI - ADULTO;2025;5;14;10
HEM;ALA A;2025;6;4;4
HEM;ALA C;2025;6;1;1
HEM;ALA D;2025;6;1;0
HEM;CTI - ADULTO;2025;6;10;10
HEM;UNIDADE INTERNAÇÃO - DOENÇAS INFECTO-CONTAGIOSAS E PARASITÁRIAS DOENÇAS INFECTO CONTAGIOSAS;2025;6;1;1
HEM;UTI - ADULTO;2025;6;5;4
HEM;ALA A;2025;7;5;5
HEM;ALA C;2025;7;2;2
HEM;ALA D;2025;7;1;1
HEM;CTI - ADULTO;2025;7;8;7
HEM;ALA A;2025;8;1;1
HEM;ALA C;2025;8;2;2
HEM;ALA D;2025;8;1;1
HEM;CTI - ADULTO;2025;8;11;11
HEM;ALA C;2025;9;1;1
HEM;CTI - ADULTO;2025;9;9;8
HEM;ALA A;2025;10;1;1
HEM;CTI - ADULTO;2025;10;12;12
HEM;ALA A;2025;11;2;2
HEM;CTI - ADULTO;2025;11;10;10
HEM;ALA D;2025;12;1;1
HEM;CTI - ADULTO;2025;12;10;8
HIJPII;UNIDADE INTERNAÇÃO - CURTO PRAZO;2022;1;3;1
HIJPII;UTI;2022;1;4;4
HIJPII;UNIDADE INTERNAÇÃO - CURTO PRAZO;2022;2;1;0
HIJPII;UTI;2022;2;2;2
HIJPII;UNIDADE INTERNAÇÃO - CLINICA PEDIÁTRICA;2022;3;1;1
HIJPII;UTI;2022;3;8;8
HIJPII;UNIDADE INTERNAÇÃO - CLINICA PEDIÁTRICA;2022;4;1;1
HIJPII;UTI;2022;4;4;3
HIJPII;UNIDADE INTERNAÇÃO - CLINICA PEDIÁTRICA;2022;5;1;1
HIJPII;UTI;2022;5;5;3
HIJPII;UTI;2022;6;6;5
HIJPII;UNIDADE INTERNAÇÃO - CURTO PRAZO;2022;7;1;0
HIJPII;UTI;2022;7;3;2
HIJPII;UTI;2022;8;1;1
HIJPII;UTI;2022;9;5;5
HIJPII;UNIDADE INTERNAÇÃO - CLINICA PEDIÁTRICA;2022;10;1;1
HIJPII;UTI;2022;10;1;1
HIJPII;UNIDADE INTERNAÇÃO - CLINICA PEDIÁTRICA;2022;11;2;2
HIJPII;UTI;2022;11;6;5
HIJPII;UNIDADE INTERNAÇÃO - CURTO PRAZO;2022;12;1;0
HIJPII;UTI;2022;12;2;1
HIJPII;UNIDADE INTERNAÇÃO - CURTO PRAZO;2023;1;1;1
HIJPII;UTI;2023;1;2;2
HIJPII;UTI;2023;2;1;0
HIJPII;UNIDADE INTERNAÇÃO - CLINICA PEDIÁTRICA;2023;3;1;1
HIJPII;UTI;2023;3;2;2
HIJPII;UTI;2023;4;1;1
HIJPII;UTI;2023;5;2;2
HIJPII;UNIDADE INTERNAÇÃO - CLINICA PEDIÁTRICA;2023;6;1;1
HIJPII;UTI;2023;6;3;1
HIJPII;UNIDADE INTERNAÇÃO - CURTO PRAZO;2023;7;1;0
HIJPII;UTI;2023;7;1;1
HIJPII;UTI;2023;8;3;3
HIJPII;UNIDADE INTERNAÇÃO - CURTO PRAZO;2023;9;1;0
HIJPII;UTI;2023;9;1;1
HIJPII;UNIDADE INTERNAÇÃO - CLINICA PEDIÁTRICA;2023;10;1;1
HIJPII;UNIDADE INTERNAÇÃO - CURTO PRAZO;2023;10;1;1
HIJPII;UTI;2023;10;1;1
HIJPII;UNIDADE INTERNAÇÃO - CLINICA PEDIÁTRICA;2023;11;1;1
HIJPII;UTI;2023;11;4;4
HIJPII;UTI;2023;12;4;2
HIJPII;UTI;2024;1;3;2
HIJPII;UNIDADE INTERNAÇÃO - CURTO PRAZO;2024;2;1;1
HIJPII;UTI;2024;2;3;2
HIJPII;UNIDADE INTERNAÇÃO - CLINICA PEDIÁTRICA;2024;3;2;1
HIJPII;UTI;2024;3;1;1
HIJPII;UNIDADE INTERNAÇÃO - CLINICA PEDIÁTRICA;2024;4;2;2
HIJPII;UNIDADE INTERNAÇÃO - CURTO PRAZO;2024;4;1;0
HIJPII;UNIDADE INTERNAÇÃO - CLINICA PEDIÁTRICA;2024;5;1;1
HIJPII;UTI;2024;5;4;3
HIJPII;UTI;2024;7;2;1
HIJPII;UTI;2024;8;4;3
HIJPII;UTI;2024;9;4;3
HIJPII;UTI;2024;10;2;1
HIJPII;UNIDADE INTERNAÇÃO - CLINICA PEDIÁTRICA;2024;11;1;1
HIJPII;UTI;2024;12;3;3
HIJPII;UTI;2025;1;1;0
HIJPII;UNIDADE INTERNAÇÃO - CLINICA PEDIÁTRICA;2025;2;3;3
HIJPII;UNIDADE INTERNAÇÃO - CURTO PRAZO;2025;2;1;0
HIJPII;UNIDADE INTERNAÇÃO - CLINICA PEDIÁTRICA;2025;3;1;1
HIJPII;UTI;2025;3;1;1
HIJPII;UNIDADE INTERNAÇÃO - CLINICA PEDIÁTRICA;2025;4;2;2
HIJPII;UTI;2025;4;5;5
HIJPII;UTI;2025;5;5;5
HIJPII;UNIDADE INTERNAÇÃO - CLINICA PEDIÁTRICA;2025;6;1;1
HIJPII;UTI;2025;6;2;2
HIJPII;UTI;2025;7;1;1
HIJPII;UNIDADE INTERNAÇÃO - CLINICA PEDIÁTRICA;2025;9;1;1
HIJPII;UTI;2025;9;1;1
HIJPII;UTI;2025;10;2;1
HIJPII;UNIDADE INTERNAÇÃO - CURTO PRAZO;2025;11;2;0
HIJPII;UTI;2025;11;4;2
HIJPII;UTI;2025;12;3;3
HJK;UNIDADE DE URGENCIA - CLINICA MEDICA;2022;1;10;9
HJK;UNIDADE INTERNAÇÃO - CLINICA CIRURGICA;2022;1;1;1
HJK;UNIDADE INTERNAÇÃO - CLINICA MÉDICA;2022;1;1;1
HJK;UNIDADE INTERNAÇÃO - CLINICA PNEUMOLOGICA;2022;1;2;1
HJK;UNIDADE INTERNAÇÃO - CLINICA TISIOLÓGICA;2022;1;3;3
HJK;UTI - NEONATAL E PEDIATRICO UTIN E UCIN;2022;1;3;2
HJK;UTI COVID-19;2022;1;13;10
HJK;UTI CTI;2022;1;7;7
HJK;UNIDADE DE URGENCIA - CLINICA MEDICA;2022;2;6;6
HJK;UNIDADE INTERNAÇÃO - CLINICA CIRURGICA;2022;2;4;3
HJK;UNIDADE INTERNAÇÃO - CLINICA MÉDICA;2022;2;1;1
HJK;UNIDADE INTERNAÇÃO - CLINICA PNEUMOLOGICA;2022;2;5;5
HJK;UTI COVID-19;2022;2;11;10
HJK;UTI CTI;2022;2;12;12
HJK;UNIDADE DE URGENCIA - CLINICA MEDICA;2022;3;2;2
HJK;UNIDADE INTERNAÇÃO - CLINICA MÉDICA;2022;3;2;1
HJK;UNIDADE INTERNAÇÃO - CLINICA PNEUMOLOGICA;2022;3;1;1
HJK;UNIDADE INTERNAÇÃO - CLINICA TISIOLÓGICA;2022;3;1;1
HJK;UTI - NEONATAL E PEDIATRICO UTIN E UCIN;2022;3;3;2
HJK;UTI COVID-19;2022;3;8;8
HJK;UTI CTI;2022;3;8;7
HJK;UNIDADE INTERNAÇÃO - CLINICA CIRURGICA;2022;4;5;5
HJK;UNIDADE INTERNAÇÃO - CLINICA MÉDICA;2022;4;3;2
HJK;UNIDADE INTERNAÇÃO - CLINICA PNEUMOLOGICA;2022;4;4;4
HJK;UNIDADE INTERNAÇÃO - CLINICA TISIOLÓGICA;2022;4;1;1
HJK;UTI - NEONATAL E PEDIATRICO UTIN E UCIN;2022;4;2;1
HJK;UTI COVID-19;2022;4;10;9
HJK;UTI CTI;2022;4;4;4
HJK;UNIDADE INTERNAÇÃO - CLINICA CIRURGICA;2022;5;1;1
HJK;UNIDADE INTERNAÇÃO - CLINICA MÉDICA;2022;5;5;4
HJK;UNIDADE INTERNAÇÃO - CLINICA PNEUMOLOGICA;2022;5;1;1
HJK;UNIDADE INTERNAÇÃO - CLINICA TISIOLÓGICA;2022;5;1;1
HJK;UNIDADE URGENCIA/EMERGENCIA;2022;5;5;5
HJK;UTI - ADULTO;2022;5;4;4
HJK;UTI - NEONATAL E PEDIATRICO UTIN E UCIN;2022;5;5;3
HJK;UTI COVID-19;2022;5;8;8
HJK;UTI CTI;2022;5;1;0
HJK;UNIDADE DE CUIDADO INTERMEDIARIO NEONATAL CONVENCIONAL;2022;6;1;0
HJK;UNIDADE INTERNAÇÃO - CLINICA MÉDICA;2022;6;3;3
HJK;UNIDADE INTERNAÇÃO - CLINICA PNEUMOLOGICA;2022;6;3;3
HJK;UNIDADE INTERNAÇÃO - CLINICA TISIOLÓGICA;2022;6;2;2
HJK;UNIDADE URGENCIA/EMERGENCIA;2022;6;3;3
HJK;UTI - ADULTO;2022;6;15;12
HJK;UNIDADE INTERNAÇÃO - CLINICA CIRURGICA;2022;7;1;1
HJK;UNIDADE INTERNAÇÃO - CLINICA MÉDICA;2022;7;2;2
HJK;UNIDADE INTERNAÇÃO - CLINICA PNEUMOLOGICA;2022;7;4;3
HJK;UNIDADE URGENCIA/EMERGENCIA;2022;7;6;6
HJK;UTI - ADULTO;2022;7;14;14
HJK;UTI - NEONATAL;2022;7;1;1
HJK;UNIDADE INTERNAÇÃO - CLINICA CIRURGICA;2022;8;1;1
HJK;UNIDADE INTERNAÇÃO - CLINICA MÉDICA;2022;8;2;2
HJK;UNIDADE INTERNAÇÃO - CLINICA PNEUMOLOGICA;2022;8;5;5
HJK;UNIDADE URGENCIA/EMERGENCIA;2022;8;10;7
HJK;UTI - ADULTO;2022;8;8;8
HJK;UTI - NEONATAL;2022;8;2;2
HJK;UNIDADE INTERNAÇÃO - CLINICA CIRURGICA;2022;9;1;1
HJK;UNIDADE INTERNAÇÃO - CLINICA MÉDICA;2022;9;2;2
HJK;UNIDADE INTERNAÇÃO - CLINICA PNEUMOLOGICA;2022;9;5;5
HJK;UNIDADE INTERNAÇÃO - CLINICA TISIOLÓGICA;2022;9;2;2
HJK;UNIDADE URGENCIA/EMERGENCIA;2022;9;4;2
HJK;UTI - ADULTO;2022;9;3;3
HJK;UNIDADE INTERNAÇÃO - CLINICA CIRURGICA;2022;10;1;1
HJK;UNIDADE INTERNAÇÃO - CLINICA MÉDICA;2022;10;1;1
HJK;UNIDADE INTERNAÇÃO - CLINICA PNEUMOLOGICA;2022;10;1;1
HJK;UNIDADE INTERNAÇÃO - CLINICA TISIOLÓGICA;2022;10;2;2
HJK;UNIDADE URGENCIA/EMERGENCIA;2022;10;8;6
HJK;UTI - ADULTO;2022;10;10;10
HJK;UTI - NEONATAL;2022;10;2;1
HJK;UNIDADE INTERNAÇÃO - CLINICA CIRURGICA;2022;11;2;2
HJK;UNIDADE INTERNAÇÃO - CLINICA MÉDICA;2022;11;3;3
HJK;UNIDADE URGENCIA/EMERGENCIA;2022;11;13;8
HJK;UTI - ADULTO;2022;11;9;9
HJK;UNIDADE INTERNAÇÃO - CLINICA MÉDICA;2022;12;5;5
HJK;UNIDADE INTERNAÇÃO - CLINICA PNEUMOLOGICA;2022;12;8;8
HJK;UNIDADE INTERNAÇÃO - CLINICA TISIOLÓGICA;2022;12;2;2
HJK;UNIDADE URGENCIA/EMERGENCIA;2022;12;12;8
HJK;UTI - ADULTO;2022;12;4;4
HJK;UTI - NEONATAL;2022;12;3;2
HJK;UNIDADE INTERNAÇÃO - CLINICA MÉDICA;2023;1;3;3
HJK;UNIDADE INTERNAÇÃO - CLINICA PNEUMOLOGICA;2023;1;3;3
HJK;UNIDADE INTERNAÇÃO - CLINICA TISIOLÓGICA;2023;1;1;1
HJK;UNIDADE URGENCIA/EMERGENCIA;2023;1;6;5
HJK;UTI - ADULTO;2023;1;11;11
HJK;UTI - NEONATAL;2023;1;3;2
HJK;UNIDADE INTERNAÇÃO - CLINICA MÉDICA;2023;2;4;4
HJK;UNIDADE INTERNAÇÃO - CLINICA PNEUMOLOGICA;2023;2;9;8
HJK;UNIDADE URGENCIA/EMERGENCIA;2023;2;12;8
HJK;UTI - ADULTO;2023;2;14;14
HJK;UNIDADE INTERNAÇÃO - CLINICA CIRURGICA;2023;3;1;1
HJK;UNIDADE INTERNAÇÃO - CLINICA MÉDICA;2023;3;6;6
HJK;UNIDADE INTERNAÇÃO - CLINICA PNEUMOLOGICA;2023;3;4;4
HJK;UNIDADE INTERNAÇÃO - CLINICA TISIOLÓGICA;2023;3;2;2
HJK;UNIDADE URGENCIA/EMERGENCIA;2023;3;11;7
HJK;UTI - ADULTO;2023;3;8;8
HJK;UNIDADE INTERNAÇÃO - CLINICA CIRURGICA;2023;4;2;2
HJK;UNIDADE INTERNAÇÃO - CLINICA MÉDICA;2023;4;5;4
HJK;UNIDADE INTERNAÇÃO - CLINICA PNEUMOLOGICA;2023;4;3;3
HJK;UNIDADE URGENCIA/EMERGENCIA;2023;4;8;5
HJK;UTI - ADULTO;2023;4;9;8
HJK;UTI - NEONATAL;2023;4;2;1
HJK;UNIDADE INTERNAÇÃO - CLINICA CIRURGICA;2023;5;1;1
HJK;UNIDADE INTERNAÇÃO - CLINICA MÉDICA;2023;5;3;3
HJK;UNIDADE INTERNAÇÃO - CLINICA PNEUMOLOGICA;2023;5;4;4
HJK;UNIDADE URGENCIA/EMERGENCIA;2023;5;9;6
HJK;UTI - ADULTO;2023;5;18;18
HJK;UTI - NEONATAL;2023;5;1;1
HJK;UNIDADE INTERNAÇÃO - CLINICA CIRURGICA;2023;6;2;2
HJK;UNIDADE INTERNAÇÃO - CLINICA MÉDICA;2023;6;2;2
HJK;UNIDADE INTERNAÇÃO - CLINICA PNEUMOLOGICA;2023;6;6;6
HJK;UNIDADE INTERNAÇÃO - CLINICA TISIOLÓGICA;2023;6;2;2
HJK;UNIDADE URGENCIA/EMERGENCIA;2023;6;8;5
HJK;UTI - ADULTO;2023;6;18;16
HJK;UTI - NEONATAL;2023;6;4;3
HJK;UNIDADE INTERNAÇÃO - CLINICA MÉDICA;2023;7;7;7
HJK;UNIDADE INTERNAÇÃO - CLINICA PNEUMOLOGICA;2023;7;2;2
HJK;UNIDADE INTERNAÇÃO - CLINICA TISIOLÓGICA;2023;7;1;1
HJK;UNIDADE URGENCIA/EMERGENCIA;2023;7;12;7
HJK;UTI - ADULTO;2023;7;15;15
HJK;UTI - NEONATAL;2023;7;1;1
HJK;UNIDADE INTERNAÇÃO - CLINICA CIRURGICA;2023;8;2;2
HJK;UNIDADE INTERNAÇÃO - CLINICA MÉDICA;2023;8;8;7
HJK;UNIDADE INTERNAÇÃO - CLINICA PNEUMOLOGICA;2023;8;3;3
HJK;UNIDADE INTERNAÇÃO - CLINICA TISIOLÓGICA;2023;8;3;3
HJK;UNIDADE URGENCIA/EMERGENCIA;2023;8;11;5
HJK;UTI - ADULTO;2023;8;27;27
HJK;UTI - NEONATAL;2023;8;1;1
HJK;ALOJAMENTO CONJUNTO;2023;9;1;0
HJK;UNIDADE INTERNAÇÃO - CLINICA CIRURGICA;2023;9;2;2
HJK;UNIDADE INTERNAÇÃO - CLINICA MÉDICA;2023;9;5;5
HJK;UNIDADE INTERNAÇÃO - CLINICA PNEUMOLOGICA;2023;9;3;3
HJK;UNIDADE INTERNAÇÃO - CLINICA TISIOLÓGICA;2023;9;2;2
HJK;UNIDADE URGENCIA/EMERGENCIA;2023;9;10;6
HJK;UTI - ADULTO;2023;9;24;22
HJK;UNIDADE INTERNAÇÃO - CLINICA CIRURGICA;2023;10;1;1
HJK;UNIDADE INTERNAÇÃO - CLINICA MÉDICA;2023;10;3;3
HJK;UNIDADE INTERNAÇÃO - CLINICA PNEUMOLOGICA;2023;10;2;2
HJK;UNIDADE INTERNAÇÃO - CLINICA TISIOLÓGICA;2023;10;1;1
HJK;UNIDADE URGENCIA/EMERGENCIA;2023;10;11;5
HJK;UTI - ADULTO;2023;10;23;23
HJK;UNIDADE INTERNAÇÃO - CLINICA MÉDICA;2023;11;6;6
HJK;UNIDADE INTERNAÇÃO - CLINICA PNEUMOLOGICA;2023;11;3;3
HJK;UNIDADE INTERNAÇÃO - CLINICA TISIOLÓGICA;2023;11;1;1
HJK;UNIDADE URGENCIA/EMERGENCIA;2023;11;11;8
HJK;UTI - ADULTO;2023;11;24;23
HJK;UTI - NEONATAL;2023;11;1;1
HJK;UNIDADE DE CUIDADO INTERMEDIARIO NEONATAL CONVENCIONAL;2023;12;1;0
HJK;UNIDADE INTERNAÇÃO - CLINICA MÉDICA;2023;12;8;8
HJK;UNIDADE INTERNAÇÃO - CLINICA PNEUMOLOGICA;2023;12;5;5
HJK;UNIDADE INTERNAÇÃO - CLINICA TISIOLÓGICA;2023;12;1;0
HJK;UNIDADE URGENCIA/EMERGENCIA;2023;12;9;6
HJK;UTI - ADULTO;2023;12;30;28
HJK;UTI - NEONATAL;2023;12;2;2
HJK;UNIDADE INTERNAÇÃO - CLINICA CIRURGICA;2024;1;1;1
HJK;UNIDADE INTERNAÇÃO - CLINICA MÉDICA;2024;1;5;5
HJK;UNIDADE INTERNAÇÃO - CLINICA PNEUMOLOGICA;2024;1;4;4
HJK;UNIDADE INTERNAÇÃO - CLINICA TISIOLÓGICA;2024;1;1;1
HJK;UNIDADE URGENCIA/EMERGENCIA;2024;1;12;4
HJK;UTI - ADULTO;2024;1;18;17
HJK;UNIDADE INTERNAÇÃO - CLINICA CIRURGICA;2024;2;3;2
HJK;UNIDADE INTERNAÇÃO - CLINICA MÉDICA;2024;2;9;9
HJK;UNIDADE INTERNAÇÃO - CLINICA PNEUMOLOGICA;2024;2;3;3
HJK;UNIDADE INTERNAÇÃO - CLINICA TISIOLÓGICA;2024;2;2;2
HJK;UNIDADE URGENCIA/EMERGENCIA;2024;2;15;9
HJK;UTI - ADULTO;2024;2;26;25
HJK;UNIDADE DE CUIDADO INTERMEDIARIO NEONATAL CONVENCIONAL;2024;3;1;1
HJK;UNIDADE INTERNAÇÃO - CLINICA CIRURGICA;2024;3;3;3
HJK;UNIDADE INTERNAÇÃO - CLINICA MÉDICA;2024;3;8;8
HJK;UNIDADE INTERNAÇÃO - CLINICA PNEUMOLOGICA;2024;3;3;3
HJK;UNIDADE INTERNAÇÃO - CLINICA TISIOLÓGICA;2024;3;1;1
HJK;UNIDADE URGENCIA/EMERGENCIA;2024;3;11;6
HJK;UTI - ADULTO;2024;3;28;26
HJK;UTI - NEONATAL;2024;3;1;1
HJK;UNIDADE INTERNAÇÃO - CLINICA CIRURGICA;2024;4;2;2
HJK;UNIDADE INTERNAÇÃO - CLINICA MÉDICA;2024;4;2;2
HJK;UNIDADE INTERNAÇÃO - CLINICA PNEUMOLOGICA;2024;4;6;6
HJK;UNIDADE INTERNAÇÃO - CLINICA TISIOLÓGICA;2024;4;2;2
HJK;UNIDADE URGENCIA/EMERGENCIA;2024;4;11;5
HJK;UTI - ADULTO;2024;4;20;19
HJK;UTI - NEONATAL;2024;4;1;1
HJK;UNIDADE INTERNAÇÃO - CLINICA CIRURGICA;2024;5;2;2
HJK;UNIDADE INTERNAÇÃO - CLINICA MÉDICA;2024;5;11;11
HJK;UNIDADE INTERNAÇÃO - CLINICA PNEUMOLOGICA;2024;5;2;2
HJK;UNIDADE INTERNAÇÃO - CLINICA TISIOLÓGICA;2024;5;4;4
HJK;UNIDADE URGENCIA/EMERGENCIA;2024;5;14;7
HJK;UTI - ADULTO;2024;5;33;33
HJK;UTI - NEONATAL;2024;5;4;4
HJK;UNIDADE INTERNAÇÃO - CLINICA CIRURGICA;2024;6;3;3
HJK;UNIDADE INTERNAÇÃO - CLINICA MÉDICA;2024;6;6;6
HJK;UNIDADE INTERNAÇÃO - CLINICA PNEUMOLOGICA;2024;6;4;4
HJK;UNIDADE INTERNAÇÃO - CLINICA TISIOLÓGICA;2024;6;2;2
HJK;UNIDADE URGENCIA/EMERGENCIA;2024;6;9;2
HJK;UTI - ADULTO;2024;6;32;26
HJK;UTI - NEONATAL;2024;6;5;3
HJK;UNIDADE INTERNAÇÃO - CLINICA MÉDICA;2024;7;3;3
HJK;UNIDADE INTERNAÇÃO - CLINICA PNEUMOLOGICA;2024;7;6;6
HJK;UNIDADE URGENCIA/EMERGENCIA;2024;7;9;5
HJK;UTI - ADULTO;2024;7;23;22
HJK;UTI - NEONATAL;2024;7;3;3
HJK;UNIDADE INTERNAÇÃO - CLINICA CIRURGICA;2024;8;1;1
HJK;UNIDADE INTERNAÇÃO - CLINICA MÉDICA;2024;8;11;11
HJK;UNIDADE INTERNAÇÃO - CLINICA PNEUMOLOGICA;2024;8;3;3
HJK;UNIDADE INTERNAÇÃO - CLINICA TISIOLÓGICA;2024;8;4;4
HJK;UNIDADE URGENCIA/EMERGENCIA;2024;8;12;6
HJK;UTI - ADULTO;2024;8;27;26
HJK;UTI - NEONATAL;2024;8;2;0
HJK;UNIDADE INTERNAÇÃO - CLINICA CIRURGICA;2024;9;4;4
HJK;UNIDADE INTERNAÇÃO - CLINICA MÉDICA;2024;9;2;2
HJK;UNIDADE INTERNAÇÃO - CLINICA PNEUMOLOGICA;2024;9;3;3
HJK;UNIDADE INTERNAÇÃO - CLINICA TISIOLÓGICA;2024;9;2;2
HJK;UNIDADE URGENCIA/EMERGENCIA;2024;9;11;6
HJK;UTI - ADULTO;2024;9;21;21
HJK;UTI - NEONATAL;2024;9;1;1
HJK;UNIDADE INTERNAÇÃO - CLINICA MÉDICA;2024;10;6;6
HJK;UNIDADE INTERNAÇÃO - CLINICA PNEUMOLOGICA;2024;10;5;5
HJK;UNIDADE INTERNAÇÃO - CLINICA TISIOLÓGICA;2024;10;4;4
HJK;UNIDADE URGENCIA/EMERGENCIA;2024;10;15;8
HJK;UTI - ADULTO;2024;10;24;23
HJK;UTI - NEONATAL;2024;10;3;3
HJK;UNIDADE INTERNAÇÃO - CLINICA CIRURGICA;2024;11;1;1
HJK;UNIDADE INTERNAÇÃO - CLINICA MÉDICA;2024;11;5;5
HJK;UNIDADE INTERNAÇÃO - CLINICA PNEUMOLOGICA;2024;11;4;3
HJK;UNIDADE INTERNAÇÃO - CLINICA TISIOLÓGICA;2024;11;2;2
HJK;UNIDADE URGENCIA/EMERGENCIA;2024;11;17;9
HJK;UTI - ADULTO;2024;11;17;16
HJK;UNIDADE INTERNAÇÃO - CLINICA CIRURGICA;2024;12;1;1
HJK;UNIDADE INTERNAÇÃO - CLINICA MÉDICA;2024;12;6;6
HJK;UNIDADE INTERNAÇÃO - CLINICA PNEUMOLOGICA;2024;12;7;7
HJK;UNIDADE INTERNAÇÃO - CLINICA TISIOLÓGICA;2024;12;1;1
HJK;UNIDADE URGENCIA/EMERGENCIA;2024;12;20;9
HJK;UTI - ADULTO;2024;12;36;36
HJK;UNIDADE INTERNAÇÃO - CLINICA CIRURGICA;2025;1;1;1
HJK;UNIDADE INTERNAÇÃO - CLINICA MÉDICA;2025;1;7;7
HJK;UNIDADE INTERNAÇÃO - CLINICA PNEUMOLOGICA;2025;1;3;3
HJK;UNIDADE URGENCIA/EMERGENCIA;2025;1;18;13
HJK;UTI - ADULTO;2025;1;24;23
HJK;UTI - NEONATAL;2025;1;3;2
HJK;UNIDADE INTERNAÇÃO - CLINICA CIRURGICA;2025;2;2;2
HJK;UNIDADE INTERNAÇÃO - CLINICA MÉDICA;2025;2;5;5
HJK;UNIDADE INTERNAÇÃO - CLINICA PNEUMOLOGICA;2025;2;4;4
HJK;UNIDADE INTERNAÇÃO - CLINICA TISIOLÓGICA;2025;2;2;2
HJK;UNIDADE URGENCIA/EMERGENCIA;2025;2;13;7
HJK;UTI - ADULTO;2025;2;23;23
HJK;UTI - NEONATAL;2025;2;1;1
HJK;UNIDADE INTERNAÇÃO - CLINICA MÉDICA;2025;3;6;6
HJK;UNIDADE INTERNAÇÃO - CLINICA PNEUMOLOGICA;2025;3;3;3
HJK;UNIDADE INTERNAÇÃO - CLINICA TISIOLÓGICA;2025;3;1;1
HJK;UNIDADE URGENCIA/EMERGENCIA;2025;3;6;4
HJK;UTI - ADULTO;2025;3;24;21
HJK;UTI - NEONATAL;2025;3;2;2
HJK;UNIDADE DE CUIDADO INTERMEDIARIO NEONATAL CONVENCIONAL;2025;4;1;0
HJK;UNIDADE INTERNAÇÃO - CLINICA CIRURGICA;2025;4;1;1
HJK;UNIDADE INTERNAÇÃO - CLINICA MÉDICA;2025;4;5;5
HJK;UNIDADE INTERNAÇÃO - CLINICA PNEUMOLOGICA;2025;4;5;5
HJK;UNIDADE INTERNAÇÃO - CLINICA TISIOLÓGICA;2025;4;3;3
HJK;UNIDADE URGENCIA/EMERGENCIA;2025;4;11;6
HJK;UTI - ADULTO;2025;4;22;22
HJK;UTI - NEONATAL;2025;4;2;2
HJK;UNIDADE INTERNAÇÃO - CLINICA CIRURGICA;2025;5;3;3
HJK;UNIDADE INTERNAÇÃO - CLINICA MÉDICA;2025;5;5;5
HJK;UNIDADE INTERNAÇÃO - CLINICA PNEUMOLOGICA;2025;5;5;5
HJK;UNIDADE INTERNAÇÃO - CLINICA TISIOLÓGICA;2025;5;2;2
HJK;UNIDADE URGENCIA/EMERGENCIA;2025;5;20;10
HJK;UTI - ADULTO;2025;5;33;32
HJK;UTI - NEONATAL;2025;5;2;2
HJK;UNIDADE INTERNAÇÃO - CLINICA CIRURGICA;2025;6;3;3
HJK;UNIDADE INTERNAÇÃO - CLINICA MÉDICA;2025;6;11;11
HJK;UNIDADE INTERNAÇÃO - CLINICA PNEUMOLOGICA;2025;6;1;1
HJK;UNIDADE INTERNAÇÃO - CLINICA TISIOLÓGICA;2025;6;1;1
HJK;UNIDADE URGENCIA/EMERGENCIA;2025;6;11;5
HJK;UTI - ADULTO;2025;6;34;33
HJK;UTI - NEONATAL;2025;6;1;1
HJK;UNIDADE INTERNAÇÃO - CLINICA MÉDICA;2025;7;4;4
HJK;UNIDADE INTERNAÇÃO - CLINICA PNEUMOLOGICA;2025;7;4;4
HJK;UNIDADE INTERNAÇÃO - CLINICA TISIOLÓGICA;2025;7;3;3
HJK;UNIDADE URGENCIA/EMERGENCIA;2025;7;11;2
HJK;UTI - ADULTO;2025;7;48;47
HJK;UTI - NEONATAL;2025;7;1;1
HJK;UNIDADE INTERNAÇÃO - CLINICA CIRURGICA;2025;8;1;1
HJK;UNIDADE INTERNAÇÃO - CLINICA MÉDICA;2025;8;5;5
HJK;UNIDADE INTERNAÇÃO - CLINICA PNEUMOLOGICA;2025;8;6;6
HJK;UNIDADE INTERNAÇÃO - CLINICA TISIOLÓGICA;2025;8;2;2
HJK;UNIDADE URGENCIA/EMERGENCIA;2025;8;14;4
HJK;UTI - ADULTO;2025;8;31;29
HJK;UTI - NEONATAL;2025;8;3;3
HJK;UNIDADE INTERNAÇÃO - CLINICA CIRURGICA;2025;9;1;1
HJK;UNIDADE INTERNAÇÃO - CLINICA MÉDICA;2025;9;5;5
HJK;UNIDADE INTERNAÇÃO - CLINICA PNEUMOLOGICA;2025;9;3;3
HJK;UNIDADE INTERNAÇÃO - CLINICA TISIOLÓGICA;2025;9;1;1
HJK;UNIDADE URGENCIA/EMERGENCIA;2025;9;11;6
HJK;UTI - ADULTO;2025;9;32;30
HJK;UTI - NEONATAL;2025;9;2;2
HJK;UNIDADE INTERNAÇÃO - CLINICA CIRURGICA;2025;10;1;1
HJK;UNIDADE INTERNAÇÃO - CLINICA MÉDICA;2025;10;5;5
HJK;UNIDADE INTERNAÇÃO - CLINICA PNEUMOLOGICA;2025;10;4;4
HJK;UNIDADE INTERNAÇÃO - CLINICA TISIOLÓGICA;2025;10;3;3
HJK;UNIDADE URGENCIA/EMERGENCIA;2025;10;15;8
HJK;UTI - ADULTO;2025;10;33;33
HJK;UTI - NEONATAL;2025;10;1;1
HJK;UNIDADE INTERNAÇÃO - CLINICA CIRURGICA;2025;11;1;1
HJK;UNIDADE INTERNAÇÃO - CLINICA MÉDICA;2025;11;4;4
HJK;UNIDADE INTERNAÇÃO - CLINICA PNEUMOLOGICA;2025;11;2;2
HJK;UNIDADE INTERNAÇÃO - CLINICA TISIOLÓGICA;2025;11;1;1
HJK;UNIDADE URGENCIA/EMERGENCIA;2025;11;16;10
HJK;UTI - ADULTO;2025;11;37;37
HJK;UTI - NEONATAL;2025;11;1;1
HJK;UNIDADE INTERNAÇÃO - CLINICA MÉDICA;2025;12;8;8
HJK;UNIDADE INTERNAÇÃO - CLINICA PNEUMOLOGICA;2025;12;5;5
HJK;UNIDADE INTERNAÇÃO - CLINICA TISIOLÓGICA;2025;12;1;1
HJK;UNIDADE URGENCIA/EMERGENCIA;2025;12;12;6
HJK;UTI - ADULTO;2025;12;41;38
HJK;UTI - NEONATAL;2025;12;1;0
HJXXIII;BLOCO CIRURGICO;2022;1;1;0
HJXXIII;PRONTO SOCORRO;2022;1;12;7
HJXXIII;UNIDADE INTERNAÇÃO - CLINICA CUIDADOS PROGRESSIVOS 3º ANDAR;2022;1;4;4
HJXXIII;UNIDADE INTERNAÇÃO - CLINICA MÉDICA 6º ANDAR;2022;1;4;4
HJXXIII;UNIDADE INTERNAÇÃO - CLINICA NEUROLOGICA 5º ANDAR;2022;1;2;2
HJXXIII;UNIDADE INTERNAÇÃO - QUEIMADOS GRAVES 9º ANDAR;2022;1;3;3
HJXXIII;UTI;2022;1;29;28
HJXXIII;UTI -  PEDIATRICO 2º ANDAR;2022;1;3;2
HJXXIII;BLOCO CIRURGICO;2022;2;2;1
HJXXIII;PRONTO SOCORRO;2022;2;18;9
HJXXIII;UNIDADE INTERNAÇÃO - CIRURGIA GERAL 4º ANDAR;2022;2;1;1
HJXXIII;UNIDADE INTERNAÇÃO - CLINICA CUIDADOS PROGRESSIVOS 3º ANDAR;2022;2;3;3
HJXXIII;UNIDADE INTERNAÇÃO - CLINICA MÉDICA 6º ANDAR;2022;2;1;1
HJXXIII;UNIDADE INTERNAÇÃO - CLINICA NEUROLOGICA 5º ANDAR;2022;2;2;2
HJXXIII;UTI;2022;2;17;16
HJXXIII;BLOCO CIRURGICO;2022;3;8;3
HJXXIII;PRONTO SOCORRO;2022;3;5;2
HJXXIII;UNIDADE INTERNAÇÃO - CLINICA CUIDADOS PROGRESSIVOS 3º ANDAR;2022;3;2;2
HJXXIII;UNIDADE INTERNAÇÃO - CLINICA MÉDICA 6º ANDAR;2022;3;6;6
HJXXIII;UNIDADE INTERNAÇÃO - CLINICA NEUROLOGICA 5º ANDAR;2022;3;4;4
HJXXIII;UNIDADE INTERNAÇÃO - QUEIMADOS GRAVES 9º ANDAR;2022;3;3;2
HJXXIII;UTI;2022;3;19;15
HJXXIII;UTI -  PEDIATRICO 2º ANDAR;2022;3;3;1
HJXXIII;BLOCO CIRURGICO;2022;4;5;3
HJXXIII;PRONTO SOCORRO;2022;4;10;4
HJXXIII;UNIDADE INTERNAÇÃO - CIRURGIA GERAL 4º ANDAR;2022;4;1;1
HJXXIII;UNIDADE INTERNAÇÃO - CLINICA CUIDADOS PROGRESSIVOS 3º ANDAR;2022;4;2;2
HJXXIII;UNIDADE INTERNAÇÃO - CLINICA MÉDICA 6º ANDAR;2022;4;2;2
HJXXIII;UNIDADE INTERNAÇÃO - QUEIMADOS GRAVES 9º ANDAR;2022;4;1;1
HJXXIII;UTI;2022;4;12;12
HJXXIII;UTI -  PEDIATRICO 2º ANDAR;2022;4;5;2
HJXXIII;BLOCO CIRURGICO;2022;5;7;3
HJXXIII;PRONTO SOCORRO;2022;5;7;2
HJXXIII;UNIDADE INTERNAÇÃO - CIRURGIA GERAL 4º ANDAR;2022;5;2;2
HJXXIII;UNIDADE INTERNAÇÃO - CIRURGIA PLÁSTICA 7º ANDAR;2022;5;1;1
HJXXIII;UNIDADE INTERNAÇÃO - CLINICA CUIDADOS PROGRESSIVOS 3º ANDAR;2022;5;4;4
HJXXIII;UNIDADE INTERNAÇÃO - CLINICA MÉDICA 6º ANDAR;2022;5;2;2
HJXXIII;UNIDADE INTERNAÇÃO - CLINICA NEUROLOGICA 5º ANDAR;2022;5;1;1
HJXXIII;UTI;2022;5;20;16
HJXXIII;UTI -  PEDIATRICO 2º ANDAR;2022;5;2;0
HJXXIII;BLOCO CIRURGICO;2022;6;4;2
HJXXIII;PRONTO SOCORRO;2022;6;14;7
HJXXIII;UNIDADE INTERNAÇÃO - CLINICA CUIDADOS PROGRESSIVOS 3º ANDAR;2022;6;5;5
HJXXIII;UNIDADE INTERNAÇÃO - CLINICA MÉDICA 6º ANDAR;2022;6;2;2
HJXXIII;UNIDADE INTERNAÇÃO - CLINICA NEUROLOGICA 5º ANDAR;2022;6;2;2
HJXXIII;UNIDADE INTERNAÇÃO - QUEIMADOS GRAVES 9º ANDAR;2022;6;1;1
HJXXIII;UTI;2022;6;15;15
HJXXIII;BLOCO CIRURGICO;2022;7;4;2
HJXXIII;PRONTO SOCORRO;2022;7;12;2
HJXXIII;UNIDADE INTERNAÇÃO - CIRURGIA PLÁSTICA 7º ANDAR;2022;7;1;1
HJXXIII;UNIDADE INTERNAÇÃO - CLINICA CUIDADOS PROGRESSIVOS 3º ANDAR;2022;7;2;2
HJXXIII;UNIDADE INTERNAÇÃO - CLINICA MÉDICA 6º ANDAR;2022;7;2;2
HJXXIII;UNIDADE INTERNAÇÃO - QUEIMADOS GRAVES 9º ANDAR;2022;7;3;3
HJXXIII;UTI;2022;7;15;14
HJXXIII;UTI -  PEDIATRICO 2º ANDAR;2022;7;2;1
HJXXIII;BLOCO CIRURGICO;2022;8;4;2
HJXXIII;PRONTO SOCORRO;2022;8;14;5
HJXXIII;UNIDADE INTERNAÇÃO - CLINICA CUIDADOS PROGRESSIVOS 3º ANDAR;2022;8;2;2
HJXXIII;UNIDADE INTERNAÇÃO - CLINICA MÉDICA 6º ANDAR;2022;8;2;2
HJXXIII;UTI;2022;8;29;29
HJXXIII;UTI -  PEDIATRICO 2º ANDAR;2022;8;3;2
HJXXIII;BLOCO CIRURGICO;2022;9;2;1
HJXXIII;PRONTO SOCORRO;2022;9;9;4
HJXXIII;UNIDADE INTERNAÇÃO - CLINICA CUIDADOS PROGRESSIVOS 3º ANDAR;2022;9;4;4
HJXXIII;UNIDADE INTERNAÇÃO - CLINICA MÉDICA 6º ANDAR;2022;9;3;3
HJXXIII;UNIDADE INTERNAÇÃO - QUEIMADOS GRAVES 9º ANDAR;2022;9;2;2
HJXXIII;UTI;2022;9;19;18
HJXXIII;UTI -  PEDIATRICO 2º ANDAR;2022;9;4;4
HJXXIII;BLOCO CIRURGICO;2022;10;3;1
HJXXIII;PRONTO SOCORRO;2022;10;18;6
HJXXIII;UNIDADE INTERNAÇÃO - CIRURGIA GERAL 4º ANDAR;2022;10;1;1
HJXXIII;UNIDADE INTERNAÇÃO - CLINICA CUIDADOS PROGRESSIVOS 3º ANDAR;2022;10;5;5
HJXXIII;UNIDADE INTERNAÇÃO - CLINICA MÉDICA 6º ANDAR;2022;10;1;0
HJXXIII;UNIDADE INTERNAÇÃO - QUEIMADOS GRAVES 9º ANDAR;2022;10;3;3
HJXXIII;UTI;2022;10;16;16
HJXXIII;UTI -  PEDIATRICO 2º ANDAR;2022;10;1;1
HJXXIII;BLOCO CIRURGICO;2022;11;2;2
HJXXIII;PRONTO SOCORRO;2022;11;12;6
HJXXIII;UNIDADE INTERNAÇÃO - CIRURGIA GERAL 4º ANDAR;2022;11;1;1
HJXXIII;UNIDADE INTERNAÇÃO - CLINICA CUIDADOS PROGRESSIVOS 3º ANDAR;2022;11;1;1
HJXXIII;UNIDADE INTERNAÇÃO - QUEIMADOS GRAVES 9º ANDAR;2022;11;1;1
HJXXIII;UTI;2022;11;13;11
HJXXIII;UTI -  PEDIATRICO 2º ANDAR;2022;11;4;3
HJXXIII;BLOCO CIRURGICO;2022;12;2;1
HJXXIII;PRONTO SOCORRO;2022;12;16;8
HJXXIII;UNIDADE INTERNAÇÃO - CLINICA CUIDADOS PROGRESSIVOS 3º ANDAR;2022;12;4;4
HJXXIII;UNIDADE INTERNAÇÃO - CLINICA NEUROLOGICA 5º ANDAR;2022;12;3;3
HJXXIII;UTI;2022;12;16;16
HJXXIII;UTI -  PEDIATRICO 2º ANDAR;2022;12;2;2
HJXXIII;BLOCO CIRURGICO;2023;1;1;1
HJXXIII;PRONTO SOCORRO;2023;1;11;2
HJXXIII;UNIDADE INTERNAÇÃO - CLINICA NEUROLOGICA 5º ANDAR;2023;1;2;2
HJXXIII;UNIDADE INTERNAÇÃO - QUEIMADOS GRAVES 9º ANDAR;2023;1;5;5
HJXXIII;UTI;2023;1;16;16
HJXXIII;UTI -  PEDIATRICO 2º ANDAR;2023;1;3;3
HJXXIII;BLOCO CIRURGICO;2023;2;2;1
HJXXIII;PRONTO SOCORRO;2023;2;15;4
HJXXIII;UNIDADE INTERNAÇÃO - CLINICA CUIDADOS PROGRESSIVOS 3º ANDAR;2023;2;3;3
HJXXIII;UNIDADE INTERNAÇÃO - CLINICA MÉDICA 6º ANDAR;2023;2;1;1
HJXXIII;UNIDADE INTERNAÇÃO - QUEIMADOS GRAVES 9º ANDAR;2023;2;4;3
HJXXIII;UTI;2023;2;22;21
HJXXIII;BLOCO CIRURGICO;2023;3;2;1
HJXXIII;PRONTO SOCORRO;2023;3;10;3
HJXXIII;UNIDADE INTERNAÇÃO - CIRURGIA PLÁSTICA 7º ANDAR;2023;3;2;2
HJXXIII;UNIDADE INTERNAÇÃO - CLINICA CUIDADOS PROGRESSIVOS 3º ANDAR;2023;3;3;3
HJXXIII;UNIDADE INTERNAÇÃO - CLINICA MÉDICA 6º ANDAR;2023;3;1;1
HJXXIII;UNIDADE INTERNAÇÃO - QUEIMADOS GRAVES 9º ANDAR;2023;3;5;5
HJXXIII;UTI;2023;3;22;21
HJXXIII;UTI -  PEDIATRICO 2º ANDAR;2023;3;1;0
HJXXIII;BLOCO CIRURGICO;2023;4;4;4
HJXXIII;PRONTO SOCORRO;2023;4;8;5
HJXXIII;UNIDADE INTERNAÇÃO - CLINICA CUIDADOS PROGRESSIVOS 3º ANDAR;2023;4;8;8
HJXXIII;UNIDADE INTERNAÇÃO - CLINICA MÉDICA 6º ANDAR;2023;4;1;1
HJXXIII;UNIDADE INTERNAÇÃO - CLINICA NEUROLOGICA 5º ANDAR;2023;4;2;2
HJXXIII;UNIDADE INTERNAÇÃO - QUEIMADOS GRAVES 9º ANDAR;2023;4;1;1
HJXXIII;UTI;2023;4;15;15
HJXXIII;UTI -  PEDIATRICO 2º ANDAR;2023;4;4;3
HJXXIII;BLOCO CIRURGICO;2023;5;3;2
HJXXIII;PRONTO SOCORRO;2023;5;12;7
HJXXIII;UNIDADE INTERNAÇÃO - CIRURGIA PLÁSTICA 7º ANDAR;2023;5;1;1
HJXXIII;UNIDADE INTERNAÇÃO - CLINICA CUIDADOS PROGRESSIVOS 3º ANDAR;2023;5;6;6
HJXXIII;UNIDADE INTERNAÇÃO - CLINICA NEUROLOGICA 5º ANDAR;2023;5;4;4
HJXXIII;UNIDADE INTERNAÇÃO - QUEIMADOS GRAVES 9º ANDAR;2023;5;2;2
HJXXIII;UTI;2023;5;21;20
HJXXIII;UTI -  PEDIATRICO 2º ANDAR;2023;5;1;1
HJXXIII;BLOCO CIRURGICO;2023;6;3;2
HJXXIII;PRONTO SOCORRO;2023;6;9;6
HJXXIII;UNIDADE INTERNAÇÃO - CLINICA CUIDADOS PROGRESSIVOS 3º ANDAR;2023;6;1;1
HJXXIII;UNIDADE INTERNAÇÃO - CLINICA MÉDICA 6º ANDAR;2023;6;2;2
HJXXIII;UNIDADE INTERNAÇÃO - CLINICA NEUROLOGICA 5º ANDAR;2023;6;4;4
HJXXIII;UNIDADE INTERNAÇÃO - QUEIMADOS GRAVES 9º ANDAR;2023;6;2;2
HJXXIII;UTI;2023;6;20;19
HJXXIII;UTI -  PEDIATRICO 2º ANDAR;2023;6;1;1
HJXXIII;BLOCO CIRURGICO;2023;7;2;2
HJXXIII;PRONTO SOCORRO;2023;7;24;7
HJXXIII;UNIDADE INTERNAÇÃO - CIRURGIA PLÁSTICA 7º ANDAR;2023;7;1;1
HJXXIII;UNIDADE INTERNAÇÃO - CLINICA CUIDADOS PROGRESSIVOS 3º ANDAR;2023;7;4;4
HJXXIII;UNIDADE INTERNAÇÃO - CLINICA MÉDICA 6º ANDAR;2023;7;4;4
HJXXIII;UNIDADE INTERNAÇÃO - CLINICA NEUROLOGICA 5º ANDAR;2023;7;5;5
HJXXIII;UNIDADE INTERNAÇÃO - QUEIMADOS GRAVES 9º ANDAR;2023;7;1;1
HJXXIII;UTI;2023;7;27;27
HJXXIII;UTI -  PEDIATRICO 2º ANDAR;2023;7;1;1
HJXXIII;BLOCO CIRURGICO;2023;8;4;3
HJXXIII;PRONTO SOCORRO;2023;8;15;8
HJXXIII;UNIDADE INTERNAÇÃO - CIRURGIA GERAL 4º ANDAR;2023;8;2;2
HJXXIII;UNIDADE INTERNAÇÃO - CLINICA CUIDADOS PROGRESSIVOS 3º ANDAR;2023;8;2;2
HJXXIII;UNIDADE INTERNAÇÃO - CLINICA MÉDICA 6º ANDAR;2023;8;4;4
HJXXIII;UNIDADE INTERNAÇÃO - CLINICA NEUROLOGICA 5º ANDAR;2023;8;4;4
HJXXIII;UNIDADE INTERNAÇÃO - QUEIMADOS GRAVES 9º ANDAR;2023;8;3;3
HJXXIII;UTI;2023;8;8;8
HJXXIII;UTI -  PEDIATRICO 2º ANDAR;2023;8;2;2
HJXXIII;BLOCO CIRURGICO;2023;9;3;2
HJXXIII;PRONTO SOCORRO;2023;9;10;3
HJXXIII;UNIDADE INTERNAÇÃO - CIRURGIA GERAL 4º ANDAR;2023;9;1;1
HJXXIII;UNIDADE INTERNAÇÃO - CIRURGIA PLÁSTICA 7º ANDAR;2023;9;3;3
HJXXIII;UNIDADE INTERNAÇÃO - CLINICA CUIDADOS PROGRESSIVOS 3º ANDAR;2023;9;4;4
HJXXIII;UNIDADE INTERNAÇÃO - CLINICA MÉDICA 6º ANDAR;2023;9;4;4
HJXXIII;UNIDADE INTERNAÇÃO - QUEIMADOS GRAVES 9º ANDAR;2023;9;3;3
HJXXIII;UTI;2023;9;24;22
HJXXIII;BLOCO CIRURGICO;2023;10;3;2
HJXXIII;PRONTO SOCORRO;2023;10;19;7
HJXXIII;UNIDADE INTERNAÇÃO - CIRURGIA GERAL 4º ANDAR;2023;10;1;1
HJXXIII;UNIDADE INTERNAÇÃO - CLINICA MÉDICA 6º ANDAR;2023;10;3;3
HJXXIII;UNIDADE INTERNAÇÃO - CLINICA NEUROLOGICA 5º ANDAR;2023;10;3;3
HJXXIII;UNIDADE INTERNAÇÃO - QUEIMADOS GRAVES 9º ANDAR;2023;10;3;3
HJXXIII;UTI;2023;10;28;27
HJXXIII;UTI -  PEDIATRICO 2º ANDAR;2023;10;2;2
HJXXIII;BLOCO CIRURGICO;2023;11;2;1
HJXXIII;PRONTO SOCORRO;2023;11;21;5
HJXXIII;UNIDADE INTERNAÇÃO - CIRURGIA GERAL 4º ANDAR;2023;11;1;1
HJXXIII;UNIDADE INTERNAÇÃO - CLINICA CUIDADOS PROGRESSIVOS 3º ANDAR;2023;11;3;3
HJXXIII;UNIDADE INTERNAÇÃO - CLINICA MÉDICA 6º ANDAR;2023;11;1;1
HJXXIII;UNIDADE INTERNAÇÃO - CLINICA NEUROLOGICA 5º ANDAR;2023;11;3;3
HJXXIII;UNIDADE INTERNAÇÃO - QUEIMADOS GRAVES 9º ANDAR;2023;11;6;6
HJXXIII;UTI;2023;11;14;11
HJXXIII;BLOCO CIRURGICO;2023;12;2;2
HJXXIII;PRONTO SOCORRO;2023;12;12;1
HJXXIII;UNIDADE INTERNAÇÃO - CIRURGIA GERAL 4º ANDAR;2023;12;1;1
HJXXIII;UNIDADE INTERNAÇÃO - CIRURGIA PLÁSTICA 7º ANDAR;2023;12;2;2
HJXXIII;UNIDADE INTERNAÇÃO - CLINICA CUIDADOS PROGRESSIVOS 3º ANDAR;2023;12;3;3
HJXXIII;UNIDADE INTERNAÇÃO - CLINICA MÉDICA 6º ANDAR;2023;12;4;4
HJXXIII;UNIDADE INTERNAÇÃO - CLINICA NEUROLOGICA 5º ANDAR;2023;12;2;2
HJXXIII;UNIDADE INTERNAÇÃO - QUEIMADOS GRAVES 9º ANDAR;2023;12;2;2
HJXXIII;UTI;2023;12;20;20
HJXXIII;UTI -  PEDIATRICO 2º ANDAR;2023;12;1;1
HJXXIII;BLOCO CIRURGICO;2024;1;3;3
HJXXIII;PRONTO SOCORRO;2024;1;16;6
HJXXIII;UNIDADE INTERNAÇÃO - CLINICA CUIDADOS PROGRESSIVOS 3º ANDAR;2024;1;3;3
HJXXIII;UNIDADE INTERNAÇÃO - CLINICA MÉDICA 6º ANDAR;2024;1;1;1
HJXXIII;UNIDADE INTERNAÇÃO - CLINICA NEUROLOGICA 5º ANDAR;2024;1;3;3
HJXXIII;UNIDADE INTERNAÇÃO - QUEIMADOS GRAVES 9º ANDAR;2024;1;4;4
HJXXIII;UTI;2024;1;16;14
HJXXIII;UTI -  PEDIATRICO 2º ANDAR;2024;1;1;1
HJXXIII;BLOCO CIRURGICO;2024;2;2;0
HJXXIII;PRONTO SOCORRO;2024;2;19;7
HJXXIII;UNIDADE INTERNAÇÃO - CLINICA CUIDADOS PROGRESSIVOS 3º ANDAR;2024;2;4;4
HJXXIII;UNIDADE INTERNAÇÃO - CLINICA MÉDICA 6º ANDAR;2024;2;2;2
HJXXIII;UNIDADE INTERNAÇÃO - CLINICA NEUROLOGICA 5º ANDAR;2024;2;3;3
HJXXIII;UNIDADE INTERNAÇÃO - QUEIMADOS GRAVES 9º ANDAR;2024;2;1;1
HJXXIII;UTI;2024;2;16;16
HJXXIII;UTI -  PEDIATRICO 2º ANDAR;2024;2;1;1
HJXXIII;BLOCO CIRURGICO;2024;3;3;2
HJXXIII;PRONTO SOCORRO;2024;3;14;3
HJXXIII;UNIDADE INTERNAÇÃO - CLINICA CUIDADOS PROGRESSIVOS 3º ANDAR;2024;3;11;11
HJXXIII;UNIDADE INTERNAÇÃO - CLINICA MÉDICA 6º ANDAR;2024;3;2;2
HJXXIII;UNIDADE INTERNAÇÃO - CLINICA NEUROLOGICA 5º ANDAR;2024;3;2;2
HJXXIII;UNIDADE INTERNAÇÃO - QUEIMADOS GRAVES 9º ANDAR;2024;3;3;3
HJXXIII;UTI;2024;3;23;21
HJXXIII;UTI -  PEDIATRICO 2º ANDAR;2024;3;2;2
HJXXIII;BLOCO CIRURGICO;2024;4;3;1
HJXXIII;PRONTO SOCORRO;2024;4;15;5
HJXXIII;UNIDADE INTERNAÇÃO - CLINICA CUIDADOS PROGRESSIVOS 3º ANDAR;2024;4;5;5
HJXXIII;UNIDADE INTERNAÇÃO - CLINICA MÉDICA 6º ANDAR;2024;4;1;1
HJXXIII;UNIDADE INTERNAÇÃO - CLINICA NEUROLOGICA 5º ANDAR;2024;4;1;1
HJXXIII;UNIDADE INTERNAÇÃO - QUEIMADOS GRAVES 9º ANDAR;2024;4;6;6
HJXXIII;UTI;2024;4;16;16
HJXXIII;UTI -  PEDIATRICO 2º ANDAR;2024;4;2;1
HJXXIII;BLOCO CIRURGICO;2024;5;4;3
HJXXIII;PRONTO SOCORRO;2024;5;25;5
HJXXIII;UNIDADE INTERNAÇÃO - CIRURGIA GERAL 4º ANDAR;2024;5;1;1
HJXXIII;UNIDADE INTERNAÇÃO - CLINICA CUIDADOS PROGRESSIVOS 3º ANDAR;2024;5;1;1
HJXXIII;UNIDADE INTERNAÇÃO - CLINICA MÉDICA 6º ANDAR;2024;5;2;2
HJXXIII;UNIDADE INTERNAÇÃO - CLINICA NEUROLOGICA 5º ANDAR;2024;5;2;2
HJXXIII;UNIDADE INTERNAÇÃO - QUEIMADOS GRAVES 9º ANDAR;2024;5;2;2
HJXXIII;UTI;2024;5;25;24
HJXXIII;UTI -  PEDIATRICO 2º ANDAR;2024;5;1;0
HJXXIII;BLOCO CIRURGICO;2024;6;4;1
HJXXIII;PRONTO SOCORRO;2024;6;15;8
HJXXIII;UNIDADE INTERNAÇÃO - CLINICA CUIDADOS PROGRESSIVOS 3º ANDAR;2024;6;5;5
HJXXIII;UNIDADE INTERNAÇÃO - CLINICA MÉDICA 6º ANDAR;2024;6;4;4
HJXXIII;UNIDADE INTERNAÇÃO - QUEIMADOS GRAVES 9º ANDAR;2024;6;1;1
HJXXIII;UTI;2024;6;16;16
HJXXIII;BLOCO CIRURGICO;2024;7;2;1
HJXXIII;PRONTO SOCORRO;2024;7;16;7
HJXXIII;UNIDADE INTERNAÇÃO - CIRURGIA GERAL 4º ANDAR;2024;7;1;1
HJXXIII;UNIDADE INTERNAÇÃO - CLINICA CUIDADOS PROGRESSIVOS 3º ANDAR;2024;7;2;2
HJXXIII;UNIDADE INTERNAÇÃO - CLINICA NEUROLOGICA 5º ANDAR;2024;7;2;2
HJXXIII;UTI;2024;7;29;27
HJXXIII;BLOCO CIRURGICO;2024;8;5;5
HJXXIII;PRONTO SOCORRO;2024;8;17;6
HJXXIII;UNIDADE INTERNAÇÃO - CLINICA CUIDADOS PROGRESSIVOS 3º ANDAR;2024;8;7;7
HJXXIII;UNIDADE INTERNAÇÃO - CLINICA MÉDICA 6º ANDAR;2024;8;1;1
HJXXIII;UNIDADE INTERNAÇÃO - CLINICA NEUROLOGICA 5º ANDAR;2024;8;3;3
HJXXIII;UNIDADE INTERNAÇÃO - QUEIMADOS GRAVES 9º ANDAR;2024;8;2;2
HJXXIII;UTI;2024;8;18;15
HJXXIII;UTI -  PEDIATRICO 2º ANDAR;2024;8;3;2
HJXXIII;BLOCO CIRURGICO;2024;9;2;1
HJXXIII;PRONTO SOCORRO;2024;9;21;6
HJXXIII;UNIDADE INTERNAÇÃO - CLINICA CUIDADOS PROGRESSIVOS 3º ANDAR;2024;9;6;6
HJXXIII;UNIDADE INTERNAÇÃO - CLINICA MÉDICA 6º ANDAR;2024;9;1;1
HJXXIII;UNIDADE INTERNAÇÃO - CLINICA NEUROLOGICA 5º ANDAR;2024;9;4;4
HJXXIII;UNIDADE INTERNAÇÃO - QUEIMADOS GRAVES 9º ANDAR;2024;9;1;1
HJXXIII;UTI;2024;9;17;15
HJXXIII;BLOCO CIRURGICO;2024;10;1;0
HJXXIII;PRONTO SOCORRO;2024;10;22;13
HJXXIII;UNIDADE INTERNAÇÃO - CIRURGIA GERAL 4º ANDAR;2024;10;1;1
HJXXIII;UNIDADE INTERNAÇÃO - CLINICA CUIDADOS PROGRESSIVOS 3º ANDAR;2024;10;2;2
HJXXIII;UNIDADE INTERNAÇÃO - CLINICA MÉDICA 6º ANDAR;2024;10;1;1
HJXXIII;UNIDADE INTERNAÇÃO - CLINICA NEUROLOGICA 5º ANDAR;2024;10;1;1
HJXXIII;UTI;2024;10;11;11
HJXXIII;UTI -  PEDIATRICO 2º ANDAR;2024;10;1;1
HJXXIII;BLOCO CIRURGICO;2024;11;2;2
HJXXIII;PRONTO SOCORRO;2024;11;8;1
HJXXIII;UNIDADE INTERNAÇÃO - CIRURGIA GERAL 4º ANDAR;2024;11;1;1
HJXXIII;UNIDADE INTERNAÇÃO - CLINICA CUIDADOS PROGRESSIVOS 3º ANDAR;2024;11;4;4
HJXXIII;UNIDADE INTERNAÇÃO - CLINICA MÉDICA 6º ANDAR;2024;11;2;2
HJXXIII;UNIDADE INTERNAÇÃO - CLINICA NEUROLOGICA 5º ANDAR;2024;11;4;4
HJXXIII;UNIDADE INTERNAÇÃO - QUEIMADOS GRAVES 9º ANDAR;2024;11;2;2
HJXXIII;UTI;2024;11;25;24
HJXXIII;UTI -  PEDIATRICO 2º ANDAR;2024;11;4;4
HJXXIII;BLOCO CIRURGICO;2024;12;2;0
HJXXIII;PRONTO SOCORRO;2024;12;16;6
HJXXIII;UNIDADE INTERNAÇÃO - CLINICA CUIDADOS PROGRESSIVOS 3º ANDAR;2024;12;6;6
HJXXIII;UNIDADE INTERNAÇÃO - CLINICA MÉDICA 6º ANDAR;2024;12;3;3
HJXXIII;UNIDADE INTERNAÇÃO - CLINICA NEUROLOGICA 5º ANDAR;2024;12;2;2
HJXXIII;UNIDADE INTERNAÇÃO - QUEIMADOS GRAVES 9º ANDAR;2024;12;2;2
HJXXIII;UTI;2024;12;25;21
HJXXIII;UTI -  PEDIATRICO 2º ANDAR;2024;12;1;1
HJXXIII;PRONTO SOCORRO;2025;1;12;5
HJXXIII;UNIDADE INTERNAÇÃO - CIRURGIA PLÁSTICA 7º ANDAR;2025;1;1;1
HJXXIII;UNIDADE INTERNAÇÃO - CLINICA CUIDADOS PROGRESSIVOS 3º ANDAR;2025;1;8;8
HJXXIII;UNIDADE INTERNAÇÃO - CLINICA MÉDICA 6º ANDAR;2025;1;3;3
HJXXIII;UNIDADE INTERNAÇÃO - CLINICA NEUROLOGICA 5º ANDAR;2025;1;1;1
HJXXIII;UNIDADE INTERNAÇÃO - QUEIMADOS GRAVES 9º ANDAR;2025;1;1;1
HJXXIII;UTI;2025;1;17;14
HJXXIII;UTI -  PEDIATRICO 2º ANDAR;2025;1;1;0
HJXXIII;BLOCO CIRURGICO;2025;2;4;2
HJXXIII;PRONTO SOCORRO;2025;2;13;5
HJXXIII;UNIDADE INTERNAÇÃO - CLINICA CUIDADOS PROGRESSIVOS 3º ANDAR;2025;2;1;1
HJXXIII;UNIDADE INTERNAÇÃO - CLINICA MÉDICA 6º ANDAR;2025;2;1;1
HJXXIII;UNIDADE INTERNAÇÃO - CLINICA NEUROLOGICA 5º ANDAR;2025;2;3;3
HJXXIII;UNIDADE INTERNAÇÃO - QUEIMADOS GRAVES 9º ANDAR;2025;2;1;1
HJXXIII;UTI;2025;2;12;11
HJXXIII;PRONTO SOCORRO;2025;3;12;5
HJXXIII;UNIDADE INTERNAÇÃO - CLINICA CUIDADOS PROGRESSIVOS 3º ANDAR;2025;3;6;6
HJXXIII;UNIDADE INTERNAÇÃO - CLINICA NEUROLOGICA 5º ANDAR;2025;3;2;2
HJXXIII;UNIDADE INTERNAÇÃO - QUEIMADOS GRAVES 9º ANDAR;2025;3;4;4
HJXXIII;UTI;2025;3;20;19
HJXXIII;UTI -  PEDIATRICO 2º ANDAR;2025;3;2;1
HJXXIII;BLOCO CIRURGICO;2025;4;2;1
HJXXIII;PRONTO SOCORRO;2025;4;16;4
HJXXIII;UNIDADE INTERNAÇÃO - CLINICA CUIDADOS PROGRESSIVOS 3º ANDAR;2025;4;2;2
HJXXIII;UNIDADE INTERNAÇÃO - CLINICA NEUROLOGICA 5º ANDAR;2025;4;1;1
HJXXIII;UNIDADE INTERNAÇÃO - QUEIMADOS GRAVES 9º ANDAR;2025;4;2;2
HJXXIII;UTI;2025;4;17;13
HJXXIII;UTI -  PEDIATRICO 2º ANDAR;2025;4;3;2
HJXXIII;BLOCO CIRURGICO;2025;5;1;0
HJXXIII;PRONTO SOCORRO;2025;5;20;7
HJXXIII;UNIDADE INTERNAÇÃO - CLINICA CUIDADOS PROGRESSIVOS 3º ANDAR;2025;5;4;4
HJXXIII;UNIDADE INTERNAÇÃO - CLINICA NEUROLOGICA 5º ANDAR;2025;5;1;1
HJXXIII;UNIDADE INTERNAÇÃO - QUEIMADOS GRAVES 9º ANDAR;2025;5;1;1
HJXXIII;UNIDADE INTERNAÇÃO - QUEIMADOS MÉDIOS - 8º ANDAR;2025;5;1;1
HJXXIII;UTI;2025;5;21;18
HJXXIII;UTI -  PEDIATRICO 2º ANDAR;2025;5;1;1
HJXXIII;BLOCO CIRURGICO;2025;6;2;1
HJXXIII;PRONTO SOCORRO;2025;6;14;9
HJXXIII;UNIDADE INTERNAÇÃO - CLINICA CUIDADOS PROGRESSIVOS 3º ANDAR;2025;6;2;2
HJXXIII;UNIDADE INTERNAÇÃO - CLINICA NEUROLOGICA 5º ANDAR;2025;6;1;1
HJXXIII;UTI;2025;6;17;13
HJXXIII;UTI -  PEDIATRICO 2º ANDAR;2025;6;5;3
HJXXIII;BLOCO CIRURGICO;2025;7;2;2
HJXXIII;PRONTO SOCORRO;2025;7;12;5
HJXXIII;UNIDADE INTERNAÇÃO - CIRURGIA PLÁSTICA 7º ANDAR;2025;7;1;1
HJXXIII;UNIDADE INTERNAÇÃO - CLINICA CUIDADOS PROGRESSIVOS 3º ANDAR;2025;7;4;4
HJXXIII;UNIDADE INTERNAÇÃO - CLINICA NEUROLOGICA 5º ANDAR;2025;7;1;1
HJXXIII;UNIDADE INTERNAÇÃO - QUEIMADOS GRAVES 9º ANDAR;2025;7;4;3
HJXXIII;UTI;2025;7;18;16
HJXXIII;BLOCO CIRURGICO;2025;8;2;2
HJXXIII;PRONTO SOCORRO;2025;8;15;8
HJXXIII;UNIDADE INTERNAÇÃO - CLINICA CUIDADOS PROGRESSIVOS 3º ANDAR;2025;8;6;6
HJXXIII;UNIDADE INTERNAÇÃO - CLINICA MÉDICA 6º ANDAR;2025;8;1;1
HJXXIII;UNIDADE INTERNAÇÃO - CLINICA NEUROLOGICA 5º ANDAR;2025;8;1;1
HJXXIII;UNIDADE INTERNAÇÃO - QUEIMADOS GRAVES 9º ANDAR;2025;8;1;1
HJXXIII;UNIDADE INTERNAÇÃO - QUEIMADOS MÉDIOS - 8º ANDAR;2025;8;1;1
HJXXIII;UTI;2025;8;12;11
HJXXIII;UTI -  PEDIATRICO 2º ANDAR;2025;8;1;1
HJXXIII;BLOCO CIRURGICO;2025;9;1;1
HJXXIII;PRONTO SOCORRO;2025;9;14;3
HJXXIII;UNIDADE INTERNAÇÃO - CLINICA CUIDADOS PROGRESSIVOS 3º ANDAR;2025;9;9;9
HJXXIII;UNIDADE INTERNAÇÃO - CLINICA MÉDICA 6º ANDAR;2025;9;1;1
HJXXIII;UNIDADE INTERNAÇÃO - CLINICA NEUROLOGICA 5º ANDAR;2025;9;6;6
HJXXIII;UTI;2025;9;15;12
HJXXIII;BLOCO CIRURGICO;2025;10;2;2
HJXXIII;PRONTO SOCORRO;2025;10;15;7
HJXXIII;UNIDADE INTERNAÇÃO - CLINICA CUIDADOS PROGRESSIVOS 3º ANDAR;2025;10;8;8
HJXXIII;UNIDADE INTERNAÇÃO - CLINICA MÉDICA 6º ANDAR;2025;10;2;2
HJXXIII;UNIDADE INTERNAÇÃO - QUEIMADOS GRAVES 9º ANDAR;2025;10;1;1
HJXXIII;UTI;2025;10;18;16
HJXXIII;BLOCO CIRURGICO;2025;11;1;1
HJXXIII;PRONTO SOCORRO;2025;11;7;5
HJXXIII;UNIDADE INTERNAÇÃO - CLINICA CUIDADOS PROGRESSIVOS 3º ANDAR;2025;11;5;5
HJXXIII;UNIDADE INTERNAÇÃO - CLINICA MÉDICA 6º ANDAR;2025;11;2;2
HJXXIII;UNIDADE INTERNAÇÃO - CLINICA NEUROLOGICA 5º ANDAR;2025;11;2;2
HJXXIII;UNIDADE INTERNAÇÃO - QUEIMADOS GRAVES 9º ANDAR;2025;11;1;1
HJXXIII;UTI;2025;11;21;17
HJXXIII;UTI -  PEDIATRICO 2º ANDAR;2025;11;1;0
HJXXIII;BLOCO CIRURGICO;2025;12;2;1
HJXXIII;PRONTO SOCORRO;2025;12;17;1
HJXXIII;UNIDADE INTERNAÇÃO - CLINICA CUIDADOS PROGRESSIVOS 3º ANDAR;2025;12;5;5
HJXXIII;UNIDADE INTERNAÇÃO - CLINICA MÉDICA 6º ANDAR;2025;12;1;1
HJXXIII;UNIDADE INTERNAÇÃO - CLINICA NEUROLOGICA 5º ANDAR;2025;12;3;3
HJXXIII;UNIDADE INTERNAÇÃO - QUEIMADOS GRAVES 9º ANDAR;2025;12;6;6
HJXXIII;UTI;2025;12;18;16
HJXXIII;UTI -  PEDIATRICO 2º ANDAR;2025;12;1;1
HRAD;OBSERVAÇÃO;2022;1;11;10
HRAD;UNIDADE INTERNAÇÃO - CIRURGIA GERAL;2022;1;1;1
HRAD;UNIDADE INTERNAÇÃO - CLINICA MÉDICA;2022;1;4;4
HRAD;UNIDADE INTERNAÇÃO - CLINICA ORTOPÉDICA;2022;1;1;1
HRAD;UTI;2022;1;12;11
HRAD;UTI - NEONATAL;2022;1;2;2
HRAD;OBSERVAÇÃO;2022;2;7;3
HRAD;UNIDADE INTERNAÇÃO - CIRURGIA GERAL;2022;2;1;1
HRAD;UNIDADE INTERNAÇÃO - CLINICA MÉDICA;2022;2;12;11
HRAD;UNIDADE INTERNAÇÃO - CLINICA ORTOPÉDICA;2022;2;3;3
HRAD;UTI;2022;2;11;11
HRAD;OBSERVAÇÃO;2022;3;9;4
HRAD;UNIDADE INTERNAÇÃO - CIRURGIA GERAL;2022;3;3;3
HRAD;UNIDADE INTERNAÇÃO - CLINICA MÉDICA;2022;3;6;6
HRAD;UNIDADE INTERNAÇÃO - CLINICA ORTOPÉDICA;2022;3;1;1
HRAD;UTI;2022;3;10;9
HRAD;UTI - NEONATAL;2022;3;3;3
HRAD;OBSERVAÇÃO;2022;4;4;2
HRAD;UNIDADE INTERNAÇÃO - CLINICA MÉDICA;2022;4;5;5
HRAD;UNIDADE INTERNAÇÃO - CLINICA ORTOPÉDICA;2022;4;1;0
HRAD;UTI;2022;4;16;14
HRAD;UTI - NEONATAL;2022;4;1;0
HRAD;OBSERVAÇÃO;2022;5;7;5
HRAD;UNIDADE INTERNAÇÃO - CIRURGIA GERAL;2022;5;3;3
HRAD;UNIDADE INTERNAÇÃO - CLINICA MÉDICA;2022;5;2;2
HRAD;UTI;2022;5;11;10
HRAD;UTI - NEONATAL;2022;5;2;2
HRAD;OBSERVAÇÃO;2022;6;6;5
HRAD;UNIDADE INTERNAÇÃO - CLINICA MÉDICA;2022;6;2;2
HRAD;UTI;2022;6;2;2
HRAD;UTI - NEONATAL;2022;6;3;3
HRAD;OBSERVAÇÃO;2022;7;6;2
HRAD;UNIDADE INTERNAÇÃO - CIRURGIA GERAL;2022;7;1;0
HRAD;UNIDADE INTERNAÇÃO - CLINICA MÉDICA;2022;7;8;8
HRAD;UTI;2022;7;6;4
HRAD;OBSERVAÇÃO;2022;8;4;2
HRAD;UNIDADE INTERNAÇÃO - CIRURGIA GERAL;2022;8;2;2
HRAD;UNIDADE INTERNAÇÃO - CLINICA MÉDICA;2022;8;1;1
HRAD;UTI;2022;8;12;10
HRAD;UTI - NEONATAL;2022;8;1;1
HRAD;OBSERVAÇÃO;2022;9;9;7
HRAD;UNIDADE DE DECISAO CLINICA;2022;9;1;1
HRAD;UNIDADE INTERNAÇÃO - CLINICA MÉDICA;2022;9;5;5
HRAD;UTI;2022;9;12;12
HRAD;UTI - NEONATAL;2022;9;2;2
HRAD;UNIDADE DE DECISAO CLINICA;2022;10;3;2
HRAD;UNIDADE INTERNAÇÃO - CLINICA CIRURGICA;2022;10;1;1
HRAD;UNIDADE INTERNAÇÃO - CLINICA MÉDICA;2022;10;8;8
HRAD;UTI - ADULTO;2022;10;11;11
HRAD;UTI - NEONATAL;2022;10;1;0
HRAD;UNIDADE DE DECISAO CLINICA;2022;11;10;6
HRAD;UNIDADE INTERNAÇÃO - CLINICA CIRURGICA;2022;11;1;1
HRAD;UNIDADE INTERNAÇÃO - CLINICA MÉDICA;2022;11;6;6
HRAD;UNIDADE INTERNAÇÃO - CLINICA ORTOPÉDICA;2022;11;1;1
HRAD;UTI - ADULTO;2022;11;10;10
HRAD;UTI - NEONATAL;2022;11;2;2
HRAD;UNIDADE DE DECISAO CLINICA;2022;12;11;4
HRAD;UNIDADE INTERNAÇÃO - CLINICA CIRURGICA;2022;12;2;2
HRAD;UNIDADE INTERNAÇÃO - CLINICA MÉDICA;2022;12;4;4
HRAD;UNIDADE INTERNAÇÃO - CLINICA ORTOPÉDICA;2022;12;1;1
HRAD;UTI - ADULTO;2022;12;15;14
HRAD;UTI - NEONATAL;2022;12;2;2
HRAD;UNIDADE DE DECISAO CLINICA;2023;1;9;7
HRAD;UNIDADE INTERNAÇÃO - CLINICA CIRURGICA;2023;1;2;2
HRAD;UNIDADE INTERNAÇÃO - CLINICA MÉDICA;2023;1;8;8
HRAD;UTI - ADULTO;2023;1;13;11
HRAD;UTI - NEONATAL;2023;1;4;3
HRAD;UNIDADE DE DECISAO CLINICA;2023;2;2;1
HRAD;UNIDADE INTERNAÇÃO - CLINICA CIRURGICA;2023;2;1;1
HRAD;UNIDADE INTERNAÇÃO - CLINICA MÉDICA;2023;2;5;5
HRAD;UNIDADE INTERNAÇÃO - CLINICA ORTOPÉDICA;2023;2;1;1
HRAD;UNIDADE INTERNAÇÃO - CLINICA PEDIÁTRICA;2023;2;1;1
HRAD;UTI - ADULTO;2023;2;11;11
HRAD;UNIDADE DE DECISAO CLINICA;2023;3;5;2
HRAD;UNIDADE INTERNAÇÃO - CLINICA MÉDICA;2023;3;2;2
HRAD;UTI - ADULTO;2023;3;16;16
HRAD;UTI - NEONATAL;2023;3;2;2
HRAD;UNIDADE DE DECISAO CLINICA;2023;4;5;2
HRAD;UNIDADE INTERNAÇÃO - CLINICA MÉDICA;2023;4;5;5
HRAD;UTI - ADULTO;2023;4;17;16
HRAD;UTI - NEONATAL;2023;4;1;0
HRAD;BLOCO OBSTÉTRICO;2023;5;2;1
HRAD;UNIDADE DE DECISAO CLINICA;2023;5;9;6
HRAD;UNIDADE INTERNAÇÃO - CLINICA CIRURGICA;2023;5;2;2
HRAD;UNIDADE INTERNAÇÃO - CLINICA MÉDICA;2023;5;4;4
HRAD;UNIDADE INTERNAÇÃO - CLINICA ORTOPÉDICA;2023;5;1;0
HRAD;UTI - ADULTO;2023;5;10;10
HRAD;UTI - NEONATAL;2023;5;3;3
HRAD;UNIDADE DE DECISAO CLINICA;2023;6;13;7
HRAD;UNIDADE INTERNAÇÃO - CLINICA MÉDICA;2023;6;4;4
HRAD;UTI - ADULTO;2023;6;8;8
HRAD;UTI - NEONATAL;2023;6;2;2
HRAD;ALOJAMENTO CONJUNTO;2023;7;1;0
HRAD;UNIDADE DE DECISAO CLINICA;2023;7;8;1
HRAD;UNIDADE INTERNAÇÃO - CLINICA CIRURGICA;2023;7;2;2
HRAD;UNIDADE INTERNAÇÃO - CLINICA MÉDICA;2023;7;7;7
HRAD;UNIDADE INTERNAÇÃO - CLINICA PEDIÁTRICA;2023;7;1;1
HRAD;UTI - ADULTO;2023;7;6;6
HRAD;UTI - NEONATAL;2023;7;1;1
HRAD;UNIDADE DE DECISAO CLINICA;2023;8;16;10
HRAD;UNIDADE INTERNAÇÃO - CLINICA CIRURGICA;2023;8;2;2
HRAD;UNIDADE INTERNAÇÃO - CLINICA MÉDICA;2023;8;4;4
HRAD;UTI - ADULTO;2023;8;12;12
HRAD;UTI - NEONATAL;2023;8;2;2
HRAD;UNIDADE DE DECISAO CLINICA;2023;9;10;8
HRAD;UNIDADE INTERNAÇÃO - CLINICA CIRURGICA;2023;9;2;2
HRAD;UNIDADE INTERNAÇÃO - CLINICA MÉDICA;2023;9;6;4
HRAD;UNIDADE INTERNAÇÃO - CLINICA PEDIÁTRICA;2023;9;1;1
HRAD;UTI - ADULTO;2023;9;7;7
HRAD;UTI - NEONATAL;2023;9;1;1
HRAD;BLOCO OBSTÉTRICO;2023;10;1;1
HRAD;UNIDADE DE DECISAO CLINICA;2023;10;7;4
HRAD;UNIDADE INTERNAÇÃO - CLINICA MÉDICA;2023;10;5;5
HRAD;UNIDADE INTERNAÇÃO - CLINICA PEDIÁTRICA;2023;10;1;1
HRAD;UTI - ADULTO;2023;10;12;11
HRAD;UTI - NEONATAL;2023;10;1;1
HRAD;UNIDADE DE DECISAO CLINICA;2023;11;16;12
HRAD;UNIDADE INTERNAÇÃO - CLINICA CIRURGICA;2023;11;2;2
HRAD;UNIDADE INTERNAÇÃO - CLINICA MÉDICA;2023;11;8;8
HRAD;UTI - ADULTO;2023;11;16;15
HRAD;UNIDADE DE DECISAO CLINICA;2023;12;21;13
HRAD;UNIDADE INTERNAÇÃO - CLINICA CIRURGICA;2023;12;1;0
HRAD;UNIDADE INTERNAÇÃO - CLINICA MÉDICA;2023;12;8;8
HRAD;UTI - ADULTO;2023;12;14;14
HRAD;UTI - NEONATAL;2023;12;2;2
HRAD;UNIDADE DE DECISAO CLINICA;2024;1;4;1
HRAD;UNIDADE INTERNAÇÃO - CLINICA MÉDICA;2024;1;4;4
HRAD;UTI - ADULTO;2024;1;10;10
HRAD;UTI - NEONATAL;2024;1;2;2
HRAD;UNIDADE DE DECISAO CLINICA;2024;2;11;6
HRAD;UNIDADE INTERNAÇÃO - CLINICA CIRURGICA;2024;2;4;4
HRAD;UNIDADE INTERNAÇÃO - CLINICA MÉDICA;2024;2;7;7
HRAD;UNIDADE INTERNAÇÃO - CLINICA PEDIÁTRICA;2024;2;1;1
HRAD;UTI - ADULTO;2024;2;5;4
HRAD;UTI - NEONATAL;2024;2;2;2
HRAD;UNIDADE DE DECISAO CLINICA;2024;3;15;12
HRAD;UNIDADE INTERNAÇÃO - CLINICA MÉDICA;2024;3;6;6
HRAD;UTI - ADULTO;2024;3;10;10
HRAD;UNIDADE DE DECISAO CLINICA;2024;4;10;5
HRAD;UNIDADE INTERNAÇÃO - CLINICA CIRURGICA;2024;4;4;4
HRAD;UNIDADE INTERNAÇÃO - CLINICA MÉDICA;2024;4;9;9
HRAD;UTI - ADULTO;2024;4;14;13
HRAD;UTI - NEONATAL;2024;4;1;1
HRAD;BLOCO OBSTÉTRICO;2024;5;1;1
HRAD;UNIDADE DE DECISAO CLINICA;2024;5;10;8
HRAD;UNIDADE INTERNAÇÃO - CLINICA CIRURGICA;2024;5;1;1
HRAD;UNIDADE INTERNAÇÃO - CLINICA MÉDICA;2024;5;7;6
HRAD;UTI - ADULTO;2024;5;5;5
HRAD;UTI - NEONATAL;2024;5;2;2
HRAD;UNIDADE DE DECISAO CLINICA;2024;6;13;11
HRAD;UNIDADE INTERNAÇÃO - CLINICA CIRURGICA;2024;6;4;3
HRAD;UNIDADE INTERNAÇÃO - CLINICA MÉDICA;2024;6;8;8
HRAD;UTI - ADULTO;2024;6;11;11
HRAD;UTI - NEONATAL;2024;6;2;2
HRAD;UNIDADE DE DECISAO CLINICA;2024;7;12;2
HRAD;UNIDADE INTERNAÇÃO - CLINICA CIRURGICA;2024;7;1;1
HRAD;UNIDADE INTERNAÇÃO - CLINICA MÉDICA;2024;7;6;6
HRAD;UNIDADE INTERNAÇÃO - CLINICA PEDIÁTRICA;2024;7;1;1
HRAD;UTI - ADULTO;2024;7;18;16
HRAD;UTI - NEONATAL;2024;7;2;1
HRAD;UNIDADE DE DECISAO CLINICA;2024;8;13;3
HRAD;UNIDADE INTERNAÇÃO - CLINICA CIRURGICA;2024;8;1;1
HRAD;UNIDADE INTERNAÇÃO - CLINICA MÉDICA;2024;8;5;4
HRAD;UTI - ADULTO;2024;8;15;15
HRAD;UTI - NEONATAL;2024;8;1;1
HRAD;UNIDADE DE DECISAO CLINICA;2024;9;11;6
HRAD;UNIDADE INTERNAÇÃO - CLINICA CIRURGICA;2024;9;2;2
HRAD;UNIDADE INTERNAÇÃO - CLINICA MÉDICA;2024;9;11;11
HRAD;UTI - ADULTO;2024;9;8;7
HRAD;UTI - NEONATAL;2024;9;2;2
HRAD;UNIDADE DE DECISAO CLINICA;2024;10;9;3
HRAD;UNIDADE INTERNAÇÃO - CLINICA CIRURGICA;2024;10;1;1
HRAD;UNIDADE INTERNAÇÃO - CLINICA MÉDICA;2024;10;8;8
HRAD;UTI - ADULTO;2024;10;13;11
HRAD;UTI - NEONATAL;2024;10;3;3
HRAD;UNIDADE DE DECISAO CLINICA;2024;11;12;4
HRAD;UNIDADE INTERNAÇÃO - CLINICA CIRURGICA;2024;11;1;1
HRAD;UNIDADE INTERNAÇÃO - CLINICA MÉDICA;2024;11;9;9
HRAD;UNIDADE INTERNAÇÃO - CLINICA ORTOPÉDICA;2024;11;1;1
HRAD;UTI - ADULTO;2024;11;10;9
HRAD;UTI - NEONATAL;2024;11;4;2
HRAD;UNIDADE DE DECISAO CLINICA;2024;12;12;5
HRAD;UNIDADE INTERNAÇÃO - CLINICA CIRURGICA;2024;12;4;4
HRAD;UNIDADE INTERNAÇÃO - CLINICA MÉDICA;2024;12;13;13
HRAD;UTI - ADULTO;2024;12;9;8
HRAD;UTI - NEONATAL;2024;12;5;3
HRAD;UNIDADE DE DECISAO CLINICA;2025;1;10;6
HRAD;UNIDADE INTERNAÇÃO - CLINICA CIRURGICA;2025;1;6;6
HRAD;UNIDADE INTERNAÇÃO - CLINICA MÉDICA;2025;1;6;6
HRAD;UNIDADE INTERNAÇÃO - CLINICA ORTOPÉDICA;2025;1;1;1
HRAD;UTI - ADULTO;2025;1;5;4
HRAD;UTI - NEONATAL;2025;1;3;3
HRAD;UNIDADE DE DECISAO CLINICA;2025;2;10;7
HRAD;UNIDADE INTERNAÇÃO - CLINICA CIRURGICA;2025;2;3;3
HRAD;UNIDADE INTERNAÇÃO - CLINICA MÉDICA;2025;2;4;4
HRAD;UTI - ADULTO;2025;2;14;13
HRAD;UTI - NEONATAL;2025;2;1;1
HRAD;UNIDADE DE DECISAO CLINICA;2025;3;11;7
HRAD;UNIDADE INTERNAÇÃO - CLINICA CIRURGICA;2025;3;2;2
HRAD;UNIDADE INTERNAÇÃO - CLINICA MÉDICA;2025;3;3;3
HRAD;UTI - ADULTO;2025;3;7;6
HRAD;UNIDADE DE DECISAO CLINICA;2025;4;13;8
HRAD;UNIDADE INTERNAÇÃO - CLINICA CIRURGICA;2025;4;2;1
HRAD;UNIDADE INTERNAÇÃO - CLINICA MÉDICA;2025;4;11;11
HRAD;UNIDADE INTERNAÇÃO - CLINICA ORTOPÉDICA;2025;4;2;0
HRAD;UTI - ADULTO;2025;4;11;10
HRAD;UTI - NEONATAL;2025;4;2;2
HRAD;UNIDADE DE DECISAO CLINICA;2025;5;10;7
HRAD;UNIDADE INTERNAÇÃO - CLINICA CIRURGICA;2025;5;1;1
HRAD;UNIDADE INTERNAÇÃO - CLINICA MÉDICA;2025;5;15;15
HRAD;UTI - ADULTO;2025;5;9;9
HRAD;UTI - NEONATAL;2025;5;1;0
HRAD;UNIDADE DE DECISAO CLINICA;2025;6;9;6
HRAD;UNIDADE INTERNAÇÃO - CLINICA CIRURGICA;2025;6;2;1
HRAD;UNIDADE INTERNAÇÃO - CLINICA MÉDICA;2025;6;15;15
HRAD;UTI - ADULTO;2025;6;12;12
HRAD;UTI - NEONATAL;2025;6;2;1
HRAD;UNIDADE DE DECISAO CLINICA;2025;7;13;8
HRAD;UNIDADE INTERNAÇÃO - CLINICA CIRURGICA;2025;7;1;1
HRAD;UNIDADE INTERNAÇÃO - CLINICA MÉDICA;2025;7;7;7
HRAD;UTI - ADULTO;2025;7;10;10
HRAD;UTI - NEONATAL;2025;7;5;5
HRAD;UNIDADE DE DECISAO CLINICA;2025;8;10;9
HRAD;UNIDADE INTERNAÇÃO - CLINICA CIRURGICA;2025;8;1;1
HRAD;UNIDADE INTERNAÇÃO - CLINICA MÉDICA;2025;8;7;7
HRAD;UNIDADE INTERNAÇÃO - CLINICA PEDIÁTRICA;2025;8;1;1
HRAD;UTI - ADULTO;2025;8;6;6
HRAD;UTI - NEONATAL;2025;8;1;1
HRAD;UNIDADE DE DECISAO CLINICA;2025;9;12;6
HRAD;UNIDADE INTERNAÇÃO - CLINICA CIRURGICA;2025;9;3;2
HRAD;UNIDADE INTERNAÇÃO - CLINICA MÉDICA;2025;9;12;12
HRAD;UTI - ADULTO;2025;9;9;8
HRAD;UNIDADE DE DECISAO CLINICA;2025;10;12;10
HRAD;UNIDADE INTERNAÇÃO - CLINICA CIRURGICA;2025;10;2;2
HRAD;UNIDADE INTERNAÇÃO - CLINICA MÉDICA;2025;10;8;8
HRAD;UNIDADE INTERNAÇÃO - CLINICA ORTOPÉDICA;2025;10;2;2
HRAD;UTI - ADULTO;2025;10;11;10
HRAD;UNIDADE DE DECISAO CLINICA;2025;11;7;2
HRAD;UNIDADE INTERNAÇÃO - CLINICA CIRURGICA;2025;11;1;1
HRAD;UNIDADE INTERNAÇÃO - CLINICA MÉDICA;2025;11;12;12
HRAD;UTI - ADULTO;2025;11;16;15
HRAD;UTI - NEONATAL;2025;11;3;3
HRAD;UNIDADE DE DECISAO CLINICA;2025;12;11;3
HRAD;UNIDADE INTERNAÇÃO - CLINICA CIRURGICA;2025;12;2;2
HRAD;UNIDADE INTERNAÇÃO - CLINICA MÉDICA;2025;12;8;8
HRAD;UNIDADE INTERNAÇÃO - CLINICA ORTOPÉDICA;2025;12;1;1
HRAD;UTI - ADULTO;2025;12;6;6
HRAD;UTI - NEONATAL;2025;12;3;2
HRBJA;UNIDADE INTERNAÇÃO - CLINICA CIRURGICA;2022;1;1;1
HRBJA;UNIDADE INTERNAÇÃO - CLINICA MÉDICA;2022;1;15;15
HRBJA;UTI - ADULTO;2022;1;9;9
HRBJA;UNIDADE INTERNAÇÃO - CLINICA CIRURGICA;2022;2;3;3
HRBJA;UNIDADE INTERNAÇÃO - CLINICA MÉDICA;2022;2;8;7
HRBJA;UTI - ADULTO;2022;2;6;6
HRBJA;UNIDADE INTERNAÇÃO - CLINICA CIRURGICA;2022;3;1;1
HRBJA;UNIDADE INTERNAÇÃO - CLINICA MÉDICA;2022;3;17;16
HRBJA;UTI - ADULTO;2022;3;6;6
HRBJA;UNIDADE INTERNAÇÃO - CLINICA CIRURGICA;2022;4;2;2
HRBJA;UNIDADE INTERNAÇÃO - CLINICA MÉDICA;2022;4;11;10
HRBJA;UTI - ADULTO;2022;4;6;6
HRBJA;UNIDADE INTERNAÇÃO - CLINICA CIRURGICA;2022;5;1;1
HRBJA;UNIDADE INTERNAÇÃO - CLINICA MÉDICA;2022;5;17;17
HRBJA;UTI - ADULTO;2022;5;9;8
HRBJA;UNIDADE INTERNAÇÃO - CLINICA CIRURGICA;2022;6;2;2
HRBJA;UNIDADE INTERNAÇÃO - CLINICA MÉDICA;2022;6;9;9
HRBJA;UTI - ADULTO;2022;6;4;4
HRBJA;UNIDADE INTERNAÇÃO - CLINICA CIRURGICA;2022;7;2;2
HRBJA;UNIDADE INTERNAÇÃO - CLINICA MÉDICA;2022;7;22;22
HRBJA;UTI - ADULTO;2022;7;6;6
HRBJA;UNIDADE INTERNAÇÃO - CLINICA MÉDICA;2022;8;15;14
HRBJA;UTI - ADULTO;2022;8;8;8
HRBJA;UNIDADE INTERNAÇÃO - CLINICA CIRURGICA;2022;9;4;4
HRBJA;UNIDADE INTERNAÇÃO - CLINICA MÉDICA;2022;9;14;11
HRBJA;UTI - ADULTO;2022;9;7;7
HRBJA;UNIDADE INTERNAÇÃO - CLINICA MÉDICA;2022;10;12;12
HRBJA;UTI - ADULTO;2022;10;6;5
HRBJA;UNIDADE INTERNAÇÃO - CLINICA CIRURGICA;2022;11;1;1
HRBJA;UNIDADE INTERNAÇÃO - CLINICA MÉDICA;2022;11;11;11
HRBJA;UTI - ADULTO;2022;11;2;2
HRBJA;UNIDADE INTERNAÇÃO - CLINICA MÉDICA;2022;12;18;18
HRBJA;UTI - ADULTO;2022;12;7;7
HRBJA;UNIDADE INTERNAÇÃO - CLINICA CIRURGICA;2023;1;1;1
HRBJA;UNIDADE INTERNAÇÃO - CLINICA MÉDICA;2023;1;6;6
HRBJA;UTI - ADULTO;2023;1;8;7
HRBJA;UNIDADE INTERNAÇÃO - CLINICA MÉDICA;2023;2;4;4
HRBJA;UTI - ADULTO;2023;2;8;8
HRBJA;UNIDADE INTERNAÇÃO - CLINICA MÉDICA;2023;3;15;15
HRBJA;UTI - ADULTO;2023;3;8;8
HRBJA;UNIDADE INTERNAÇÃO - CLINICA MÉDICA;2023;4;25;23
HRBJA;UTI - ADULTO;2023;4;2;2
HRBJA;UNIDADE INTERNAÇÃO - CLINICA MÉDICA;2023;5;19;18
HRBJA;UTI - ADULTO;2023;5;4;4
HRBJA;UNIDADE INTERNAÇÃO - CLINICA MÉDICA;2023;6;15;12
HRBJA;UTI - ADULTO;2023;6;12;12
HRBJA;UNIDADE INTERNAÇÃO - CLINICA MÉDICA;2023;7;17;17
HRBJA;UTI - ADULTO;2023;7;5;5
HRBJA;UNIDADE INTERNAÇÃO - CLINICA CIRURGICA;2023;8;1;1
HRBJA;UNIDADE INTERNAÇÃO - CLINICA MÉDICA;2023;8;19;18
HRBJA;UTI - ADULTO;2023;8;7;7
HRBJA;UNIDADE INTERNAÇÃO - CLINICA MÉDICA;2023;9;20;20
HRBJA;UTI - ADULTO;2023;9;6;6
HRBJA;UNIDADE INTERNAÇÃO - CLINICA MÉDICA;2023;10;13;12
HRBJA;UTI - ADULTO;2023;10;5;5
HRBJA;UNIDADE INTERNAÇÃO - CLINICA CIRURGICA;2023;11;1;1
HRBJA;UNIDADE INTERNAÇÃO - CLINICA MÉDICA;2023;11;15;15
HRBJA;UTI - ADULTO;2023;11;9;9
HRBJA;UNIDADE INTERNAÇÃO - CLINICA CIRURGICA;2023;12;1;1
HRBJA;UNIDADE INTERNAÇÃO - CLINICA MÉDICA;2023;12;18;18
HRBJA;UTI - ADULTO;2023;12;8;8
HRBJA;UNIDADE INTERNAÇÃO - CLINICA CIRURGICA;2024;1;1;1
HRBJA;UNIDADE INTERNAÇÃO - CLINICA MÉDICA;2024;1;19;18
HRBJA;UTI - ADULTO;2024;1;9;9
HRBJA;UNIDADE INTERNAÇÃO - CLINICA MÉDICA;2024;2;8;8
HRBJA;UTI - ADULTO;2024;2;6;6
HRBJA;UNIDADE INTERNAÇÃO - CLINICA CIRURGICA;2024;3;3;3
HRBJA;UNIDADE INTERNAÇÃO - CLINICA MÉDICA;2024;3;13;12
HRBJA;UTI - ADULTO;2024;3;5;5
HRBJA;UNIDADE INTERNAÇÃO - CLINICA CIRURGICA;2024;4;1;1
HRBJA;UNIDADE INTERNAÇÃO - CLINICA MÉDICA;2024;4;11;11
HRBJA;UTI - ADULTO;2024;4;8;8
HRBJA;UNIDADE INTERNAÇÃO - CLINICA MÉDICA;2024;5;15;15
HRBJA;UTI - ADULTO;2024;5;5;5
HRBJA;CLINICA MEDICA/HRB/CHB;2024;6;1;1
HRBJA;UNIDADE INTERNAÇÃO - CLINICA MÉDICA;2024;6;8;8
HRBJA;UTI - ADULTO;2024;6;8;8
HRBJA;UTI ADULTO/HRB/CHB;2024;6;2;2
HRBJA;UUE/INTERNAÇÃO/HRB/CHB;2024;6;2;2
HRBJA;CLINICA CIRURGICA/HRB/CHB;2024;7;1;1
HRBJA;CLINICA MEDICA/HRB/CHB;2024;7;14;14
HRBJA;UTI ADULTO/HRB/CHB;2024;7;14;13
HRBJA;UUE/HRB/CHB;2024;7;2;2
HRBJA;UUE/INTERNAÇÃO/HRB/CHB;2024;7;12;11
HRBJA;CLINICA CIRURGICA/HRB/CHB;2024;8;2;2
HRBJA;CLINICA MEDICA/HRB/CHB;2024;8;13;13
HRBJA;UTI ADULTO/HRB/CHB;2024;8;12;12
HRBJA;UUE/HRB/CHB;2024;8;4;1
HRBJA;UUE/INTERNAÇÃO/HRB/CHB;2024;8;14;14
HRBJA;CLINICA CIRURGICA/HRB/CHB;2024;9;1;1
HRBJA;CLINICA MEDICA/HRB/CHB;2024;9;13;13
HRBJA;UTI ADULTO/HRB/CHB;2024;9;8;8
HRBJA;UUE/HRB/CHB;2024;9;2;0
HRBJA;UUE/INTERNAÇÃO/HRB/CHB;2024;9;9;9
HRBJA;CLINICA CIRURGICA/HRB/CHB;2024;10;1;1
HRBJA;CLINICA MEDICA/HRB/CHB;2024;10;5;4
HRBJA;UTI ADULTO/HRB/CHB;2024;10;13;13
HRBJA;UUE/HRB/CHB;2024;10;9;6
HRBJA;UUE/INTERNAÇÃO/HRB/CHB;2024;10;9;7
HRBJA;CLINICA MEDICA/HRB/CHB;2024;11;7;7
HRBJA;TRAUMATO-ORTOPEDIA CIRURGICA/CHPB/CHB;2024;11;1;1
HRBJA;UTI ADULTO/HRB/CHB;2024;11;10;10
HRBJA;UUE/HRB/CHB;2024;11;12;4
HRBJA;UUE/INTERNAÇÃO/HRB/CHB;2024;11;1;1
HRBJA;CLINICA CIRURGICA/HRB/CHB;2024;12;1;1
HRBJA;CLINICA MEDICA/HRB/CHB;2024;12;5;5
HRBJA;UTI ADULTO/HRB/CHB;2024;12;14;14
HRBJA;UUE/HRB/CHB;2024;12;18;14
HRBJA;CLINICA MEDICA/HRB/CHB;2025;1;15;14
HRBJA;UTI ADULTO/HRB/CHB;2025;1;23;22
HRBJA;UUE/HRB/CHB;2025;1;11;5
HRBJA;UUE/INTERNAÇÃO/HRB/CHB;2025;1;1;1
HRBJA;CLINICA CIRURGICA/HRB/CHB;2025;2;1;1
HRBJA;CLINICA MEDICA/HRB/CHB;2025;2;12;12
HRBJA;UTI ADULTO/HRB/CHB;2025;2;15;15
HRBJA;UUE/HRB/CHB;2025;2;9;5
HRBJA;UUE/INTERNAÇÃO/HRB/CHB;2025;2;1;1
HRBJA;CLINICA CIRURGICA/HRB/CHB;2025;3;2;2
HRBJA;CLINICA MEDICA/HRB/CHB;2025;3;4;4
HRBJA;UTI ADULTO/HRB/CHB;2025;3;24;24
HRBJA;UUE/HRB/CHB;2025;3;5;2
HRBJA;UUE/INTERNAÇÃO/HRB/CHB;2025;3;2;2
HRBJA;CLINICA CIRURGICA/HRB/CHB;2025;4;1;1
HRBJA;CLINICA MEDICA/HRB/CHB;2025;4;9;9
HRBJA;UTI ADULTO/HRB/CHB;2025;4;14;14
HRBJA;UUE/HRB/CHB;2025;4;15;7
HRBJA;UUE/INTERNAÇÃO/HRB/CHB;2025;4;1;1
HRBJA;CLINICA CIRURGICA/HRB/CHB;2025;5;1;1
HRBJA;CLINICA MEDICA/HRB/CHB;2025;5;11;10
HRBJA;UTI ADULTO/HRB/CHB;2025;5;27;26
HRBJA;UUE/HRB/CHB;2025;5;19;11
HRBJA;CLINICA CIRURGICA/HRB/CHB;2025;6;1;1
HRBJA;CLINICA MEDICA/HRB/CHB;2025;6;9;9
HRBJA;UTI ADULTO/HRB/CHB;2025;6;22;21
HRBJA;UUE/HRB/CHB;2025;6;18;10
HRBJA;CLINICA CIRURGICA/HRB/CHB;2025;7;1;1
HRBJA;CLINICA MEDICA/HRB/CHB;2025;7;9;9
HRBJA;UTI ADULTO/HRB/CHB;2025;7;19;18
HRBJA;UUE/HRB/CHB;2025;7;24;16
HRBJA;CLINICA CIRURGICA/HRB/CHB;2025;8;1;1
HRBJA;CLINICA MEDICA/HRB/CHB;2025;8;9;9
HRBJA;UTI ADULTO/HRB/CHB;2025;8;21;21
HRBJA;UUE/HRB/CHB;2025;8;13;12
HRBJA;UUE/INTERNAÇÃO/HRB/CHB;2025;8;1;1
HRBJA;CLINICA CIRURGICA/HRB/CHB;2025;9;3;3
HRBJA;CLINICA MEDICA/HRB/CHB;2025;9;7;7
HRBJA;UTI ADULTO/HRB/CHB;2025;9;15;15
HRBJA;UUE/HRB/CHB;2025;9;11;7
HRBJA;CLINICA CIRURGICA/HRB/CHB;2025;10;4;4
HRBJA;CLINICA MEDICA/HRB/CHB;2025;10;13;13
HRBJA;UTI ADULTO/HRB/CHB;2025;10;19;19
HRBJA;UUE/HRB/CHB;2025;10;14;4
HRBJA;UUE/INTERNAÇÃO/HRB/CHB;2025;10;1;1
HRBJA;CLINICA MEDICA/HRB/CHB;2025;11;12;12
HRBJA;UTI ADULTO/HRB/CHB;2025;11;14;14
HRBJA;UUE/HRB/CHB;2025;11;12;8
HRBJA;UUE/INTERNAÇÃO/HRB/CHB;2025;11;1;1
HRBJA;CLINICA CIRURGICA/HRB/CHB;2025;12;1;1
HRBJA;CLINICA MEDICA/HRB/CHB;2025;12;6;6
HRBJA;UTI ADULTO/HRB/CHB;2025;12;17;17
HRBJA;UUE/HRB/CHB;2025;12;11;5
HRJP;UNIDADE INTERNAÇÃO - CLINICA TISIOLÓGICA ALA C;2022;1;1;1
HRJP;UTI - ADULTO;2022;1;4;4
HRJP;UTI - NEONATAL;2022;1;2;2
HRJP;UTI PEDIATRICA;2022;1;1;1
HRJP;UNIDADE INTERNAÇÃO - CLINICA TISIOLÓGICA ALA C;2022;2;3;3
HRJP;UTI - ADULTO;2022;2;3;3
HRJP;UTI - NEONATAL;2022;2;1;1
HRJP;UTI PEDIATRICA;2022;2;2;2
HRJP;UNIDADE INTERNAÇÃO - CLINICA MÉDICA ALA B;2022;3;3;3
HRJP;UNIDADE INTERNAÇÃO - CLINICA TISIOLÓGICA ALA C;2022;3;4;4
HRJP;UTI - ADULTO;2022;3;9;8
HRJP;UTI - NEONATAL;2022;3;2;2
HRJP;UTI PEDIATRICA;2022;3;2;1
HRJP;UNIDADE INTERNAÇÃO - CLINICA MÉDICA ALA B;2022;4;3;3
HRJP;UNIDADE INTERNAÇÃO - CLINICA TISIOLÓGICA ALA C;2022;4;1;1
HRJP;UTI - ADULTO;2022;4;15;14
HRJP;UTI - NEONATAL;2022;4;1;1
HRJP;UTI PEDIATRICA;2022;4;2;1
HRJP;UNIDADE INTERNAÇÃO - CLINICA MÉDICA ALA B;2022;5;5;5
HRJP;UNIDADE INTERNAÇÃO - CLINICA TISIOLÓGICA ALA C;2022;5;1;0
HRJP;UTI - ADULTO;2022;5;6;6
HRJP;UTI - NEONATAL;2022;5;3;3
HRJP;UNIDADE INTERNAÇÃO - CLINICA CIRURGICA ALA A;2022;6;1;1
HRJP;UNIDADE INTERNAÇÃO - CLINICA MÉDICA ALA B;2022;6;1;1
HRJP;UTI - ADULTO;2022;6;9;8
HRJP;UTI - NEONATAL;2022;6;4;2
HRJP;UTI PEDIATRICA;2022;6;1;1
HRJP;UNIDADE INTERNAÇÃO - CLINICA MÉDICA ALA B;2022;7;2;2
HRJP;UNIDADE INTERNAÇÃO - CLINICA MÉDICA ALA C;2022;7;1;1
HRJP;UNIDADE INTERNAÇÃO - CLINICA PEDIÁTRICA;2022;7;1;1
HRJP;UNIDADE INTERNAÇÃO - CLINICA TISIOLÓGICA ALA C;2022;7;1;1
HRJP;UTI - ADULTO;2022;7;8;8
HRJP;UTI - NEONATAL;2022;7;1;1
HRJP;UNIDADE INTERNAÇÃO - CLINICA CIRURGICA ALA B;2022;8;1;1
HRJP;UNIDADE INTERNAÇÃO - CLINICA MÉDICA ALA C;2022;8;1;1
HRJP;UTI - ADULTO;2022;8;9;8
HRJP;UTI - NEONATAL;2022;8;1;1
HRJP;UTI PEDIATRICA;2022;8;1;1
HRJP;UNIDADE INTERNAÇÃO - CLINICA CIRURGICA ALA A;2022;9;1;1
HRJP;UNIDADE INTERNAÇÃO - CLINICA CIRURGICA ALA B;2022;9;1;1
HRJP;UNIDADE INTERNAÇÃO - CLINICA MÉDICA ALA B;2022;9;1;1
HRJP;UTI - ADULTO;2022;9;3;3
HRJP;UTI - NEONATAL;2022;9;3;2
HRJP;UTI - ADULTO;2022;10;7;7
HRJP;UTI - NEONATAL;2022;10;3;2
HRJP;UNIDADE INTERNAÇÃO - CLINICA CIRURGICA ALA B;2022;11;2;2
HRJP;UNIDADE INTERNAÇÃO - CLINICA MÉDICA ALA A;2022;11;1;1
HRJP;UTI -  PEDIATRICO;2022;11;2;1
HRJP;UTI - ADULTO;2022;11;6;5
HRJP;UTI - NEONATAL;2022;11;2;2
HRJP;UNIDADE INTERNAÇÃO - CLINICA MÉDICA ALA B;2022;12;1;1
HRJP;UNIDADE INTERNAÇÃO - CLINICA MÉDICA ALA C;2022;12;2;2
HRJP;UTI - ADULTO;2022;12;6;5
HRJP;UTI - NEONATAL;2022;12;1;1
HRJP;UNIDADE INTERNAÇÃO - CLINICA CIRURGICA ALA A;2023;1;1;1
HRJP;UNIDADE INTERNAÇÃO - CLINICA MÉDICA ALA B;2023;1;2;2
HRJP;UTI -  PEDIATRICO;2023;1;2;2
HRJP;UTI - ADULTO;2023;1;5;5
HRJP;UTI - NEONATAL;2023;1;1;1
HRJP;UNIDADE INTERNAÇÃO - CLINICA CIRURGICA ALA A;2023;2;1;1
HRJP;UNIDADE INTERNAÇÃO - CLINICA CIRURGICA ALA B;2023;2;2;2
HRJP;UNIDADE INTERNAÇÃO - CLINICA MÉDICA ALA A;2023;2;1;1
HRJP;UNIDADE INTERNAÇÃO - CLINICA TISIOLÓGICA ALA C;2023;2;1;1
HRJP;UTI -  PEDIATRICO;2023;2;1;1
HRJP;UTI - ADULTO;2023;2;9;6
HRJP;UTI - NEONATAL;2023;2;2;2
HRJP;UNIDADE INTERNAÇÃO - CLINICA CIRURGICA ALA B;2023;3;1;1
HRJP;UNIDADE INTERNAÇÃO - CLINICA MÉDICA ALA B;2023;3;1;1
HRJP;UNIDADE INTERNAÇÃO - CLINICA PEDIÁTRICA;2023;3;1;1
HRJP;UTI -  PEDIATRICO;2023;3;1;1
HRJP;UTI - ADULTO;2023;3;13;13
HRJP;UTI - NEONATAL;2023;3;1;1
HRJP;ALOJAMENTO CONJUNTO;2023;4;1;0
HRJP;UNIDADE INTERNAÇÃO - CLINICA CIRURGICA ALA B;2023;4;1;1
HRJP;UNIDADE INTERNAÇÃO - CLINICA MÉDICA ALA A;2023;4;1;1
HRJP;UNIDADE INTERNAÇÃO - CLINICA MÉDICA ALA B;2023;4;1;0
HRJP;UTI -  PEDIATRICO;2023;4;1;1
HRJP;UTI - ADULTO;2023;4;17;17
HRJP;UNIDADE INTERNAÇÃO - CLINICA CIRURGICA ALA A;2023;5;1;1
HRJP;UNIDADE INTERNAÇÃO - CLINICA MÉDICA ALA A;2023;5;1;1
HRJP;UNIDADE INTERNAÇÃO - CLINICA MÉDICA ALA B;2023;5;1;1
HRJP;UNIDADE INTERNAÇÃO - CLINICA MÉDICA ALA C;2023;5;1;1
HRJP;UNIDADE INTERNAÇÃO - CLINICA TISIOLÓGICA ALA B;2023;5;1;1
HRJP;UTI - ADULTO;2023;5;14;13
HRJP;UNIDADE INTERNAÇÃO - CLINICA CIRURGICA ALA B;2023;6;1;1
HRJP;UNIDADE INTERNAÇÃO - CLINICA MÉDICA ALA C;2023;6;2;2
HRJP;UTI -  PEDIATRICO;2023;6;1;1
HRJP;UTI - ADULTO;2023;6;18;15
HRJP;UTI - NEONATAL;2023;6;1;0
HRJP;UNIDADE INTERNAÇÃO - CLINICA CIRURGICA ALA B;2023;7;1;1
HRJP;UNIDADE INTERNAÇÃO - CLINICA MÉDICA ALA A;2023;7;2;2
HRJP;UNIDADE INTERNAÇÃO - CLINICA MÉDICA ALA B;2023;7;1;1
HRJP;UNIDADE INTERNAÇÃO - CLINICA MÉDICA ALA C;2023;7;3;3
HRJP;UTI -  PEDIATRICO;2023;7;3;2
HRJP;UTI - ADULTO;2023;7;15;15
HRJP;UTI - NEONATAL;2023;7;2;2
HRJP;UNIDADE INTERNAÇÃO - CLINICA MÉDICA ALA B;2023;8;1;1
HRJP;UTI -  PEDIATRICO;2023;8;1;1
HRJP;UTI - ADULTO;2023;8;13;13
HRJP;UTI - NEONATAL;2023;8;1;1
HRJP;UNIDADE INTERNAÇÃO - CLINICA CIRURGICA ALA A;2023;9;1;1
HRJP;UNIDADE INTERNAÇÃO - CLINICA CIRURGICA ALA B;2023;9;1;1
HRJP;UNIDADE INTERNAÇÃO - CLINICA MÉDICA ALA A;2023;9;2;2
HRJP;UNIDADE INTERNAÇÃO - CLINICA MÉDICA ALA B;2023;9;1;1
HRJP;UNIDADE INTERNAÇÃO - CLINICA TISIOLÓGICA ALA B;2023;9;1;1
HRJP;UNIDADE INTERNAÇÃO - PSIQUIATRIA ALA C;2023;9;1;1
HRJP;UTI -  PEDIATRICO;2023;9;1;1
HRJP;UTI - ADULTO;2023;9;11;11
HRJP;UNIDADE INTERNAÇÃO - CLINICA CIRURGICA ALA A;2023;10;1;1
HRJP;UNIDADE INTERNAÇÃO - CLINICA MÉDICA ALA C;2023;10;1;1
HRJP;UNIDADE INTERNAÇÃO - PSIQUIATRIA ALA A;2023;10;1;1
HRJP;UTI - ADULTO;2023;10;10;10
HRJP;UTI - NEONATAL;2023;10;3;3
HRJP;UNIDADE INTERNAÇÃO - CLINICA CIRURGICA ALA A;2023;11;1;0
HRJP;UNIDADE INTERNAÇÃO - CLINICA CIRURGICA ALA B;2023;11;2;2
HRJP;UNIDADE INTERNAÇÃO - CLINICA MÉDICA ALA A;2023;11;3;3
HRJP;UNIDADE INTERNAÇÃO - CLINICA MÉDICA ALA B;2023;11;2;2
HRJP;UNIDADE INTERNAÇÃO - CLINICA MÉDICA ALA C;2023;11;1;1
HRJP;UNIDADE INTERNAÇÃO - PSIQUIATRIA ALA A;2023;11;1;1
HRJP;UTI -  PEDIATRICO;2023;11;2;2
HRJP;UTI - ADULTO;2023;11;7;7
HRJP;UTI - NEONATAL;2023;11;1;0
HRJP;UNIDADE INTERNAÇÃO - CLINICA MÉDICA ALA A;2023;12;1;1
HRJP;UNIDADE INTERNAÇÃO - CLINICA MÉDICA ALA B;2023;12;1;1
HRJP;UNIDADE INTERNAÇÃO - CLINICA MÉDICA ALA C;2023;12;1;1
HRJP;UTI - ADULTO;2023;12;13;11
HRJP;UTI - NEONATAL;2023;12;2;1
HRJP;UNIDADE INTERNAÇÃO - CLINICA MÉDICA ALA B;2024;1;1;1
HRJP;UNIDADE INTERNAÇÃO - CLINICA MÉDICA ALA C;2024;1;1;1
HRJP;UNIDADE INTERNAÇÃO - PSIQUIATRIA ALA A;2024;1;2;2
HRJP;UTI - ADULTO;2024;1;12;11
HRJP;UTI - NEONATAL;2024;1;4;4
HRJP;BLOCO CIRURGICO;2024;2;1;1
HRJP;UNIDADE INTERNAÇÃO - CLINICA MÉDICA ALA A;2024;2;1;1
HRJP;UNIDADE INTERNAÇÃO - CLINICA MÉDICA ALA C;2024;2;1;1
HRJP;UTI - ADULTO;2024;2;13;12
HRJP;UTI - NEONATAL;2024;2;1;1
HRJP;UNIDADE INTERNAÇÃO - CLINICA MÉDICA ALA B;2024;3;1;1
HRJP;UNIDADE INTERNAÇÃO - CLINICA MÉDICA ALA C;2024;3;1;1
HRJP;UTI -  PEDIATRICO;2024;3;3;2
HRJP;UTI - ADULTO;2024;3;18;17
HRJP;UTI - NEONATAL;2024;3;2;1
HRJP;UNIDADE INTERNAÇÃO - CLINICA MÉDICA ALA C;2024;4;1;0
HRJP;UNIDADE INTERNAÇÃO - CLINICA TISIOLÓGICA ALA C;2024;4;1;1
HRJP;UTI -  PEDIATRICO;2024;4;1;1
HRJP;UTI - ADULTO;2024;4;8;8
HRJP;UNIDADE INTERNAÇÃO - CLINICA MÉDICA ALA A;2024;5;1;1
HRJP;UNIDADE INTERNAÇÃO - CLINICA MÉDICA ALA C;2024;5;1;1
HRJP;UTI -  PEDIATRICO;2024;5;2;2
HRJP;UTI - ADULTO;2024;5;14;14
HRJP;UTI - NEONATAL;2024;5;1;1
HRJP;UNIDADE INTERNAÇÃO - CLINICA MÉDICA ALA B;2024;6;1;1
HRJP;UNIDADE INTERNAÇÃO - CLINICA MÉDICA ALA C;2024;6;1;1
HRJP;UTI -  PEDIATRICO;2024;6;2;1
HRJP;UTI - ADULTO;2024;6;11;11
HRJP;UTI - NEONATAL;2024;6;3;3
HRJP;UNIDADE INTERNAÇÃO - CLINICA CIRURGICA ALA B;2024;7;2;2
HRJP;UNIDADE INTERNAÇÃO - CLINICA MÉDICA ALA A;2024;7;1;1
HRJP;UNIDADE INTERNAÇÃO - CLINICA MÉDICA ALA B;2024;7;1;1
HRJP;UNIDADE INTERNAÇÃO - CLINICA MÉDICA ALA C;2024;7;1;1
HRJP;UTI -  PEDIATRICO;2024;7;1;1
HRJP;UTI - ADULTO;2024;7;13;13
HRJP;UNIDADE INTERNAÇÃO - CLINICA MÉDICA ALA A;2024;8;1;1
HRJP;UNIDADE INTERNAÇÃO - CLINICA MÉDICA ALA B;2024;8;1;1
HRJP;UTI -  PEDIATRICO;2024;8;1;1
HRJP;UTI - ADULTO;2024;8;10;9
HRJP;UTI - NEONATAL;2024;8;2;2
HRJP;UNIDADE INTERNAÇÃO - CLINICA CIRURGICA ALA A;2024;9;1;1
HRJP;UTI -  PEDIATRICO;2024;9;1;0
HRJP;UTI - ADULTO;2024;9;14;14
HRJP;UTI - NEONATAL;2024;9;2;2
HRJP;UNIDADE INTERNAÇÃO - CLÍNICA MÉDICA ALA A;2024;10;1;1
HRJP;UNIDADE INTERNAÇÃO - CLINICA TISIOLÓGICA ALA C;2024;10;1;1
HRJP;UTI -  PEDIATRICO;2024;10;1;1
HRJP;UTI - ADULTO;2024;10;13;12
HRJP;UTI - NEONATAL;2024;10;3;3
HRJP;UNIDADE INTERNAÇÃO - CLINICA MÉDICA ALA B;2024;11;1;1
HRJP;UNIDADE INTERNAÇÃO - CLÍNICA MÉDICA ALA B;2024;11;1;1
HRJP;UTI - ADULTO;2024;11;8;8
HRJP;UTI - NEONATAL I;2024;11;1;1
HRJP;UNIDADE INTERNAÇÃO - CLÍNICA MÉDICA ALA A;2024;12;4;4
HRJP;UNIDADE INTERNAÇÃO - CLÍNICA MÉDICA ALA B;2024;12;2;2
HRJP;UTI - ADULTO;2024;12;20;19
HRJP;UTI - PEDIÁTRICO;2024;12;1;1
HRJP;UNIDADE INTERNAÇÃO - CLÍNICA MÉDICA ALA B;2025;1;1;1
HRJP;UNIDADE INTERNAÇÃO - CLÍNICA MÉDICA ALA C;2025;1;1;1
HRJP;UNIDADE INTERNAÇÃO - CLÍNICA PSIQUIÁTRICA ALA A;2025;1;1;1
HRJP;UNIDADE INTERNAÇÃO - CLÍNICA TISIOLÓGICA ALA B;2025;1;1;1
HRJP;UTI - ADULTO;2025;1;4;4
HRJP;UTI - NEONATAL I;2025;1;1;1
HRJP;UTI - PEDIÁTRICO;2025;1;1;0
HRJP;UNIDADE INTERNAÇÃO - CLÍNICA MÉDICA ALA C;2025;2;1;1
HRJP;UTI - ADULTO;2025;2;3;3
HRJP;UTI - PEDIÁTRICO;2025;2;1;1
HRJP;UNIDADE INTERNAÇÃO - CLÍNICA MÉDICA ALA B;2025;3;1;1
HRJP;UTI - ADULTO;2025;3;10;9
HRJP;UTI - NEONATAL I;2025;3;3;3
HRJP;UNIDADE INTERNAÇÃO - CLÍNICA CIRÚRGICA ALA B;2025;4;1;1
HRJP;UNIDADE INTERNAÇÃO - CLÍNICA MÉDICA ALA A;2025;4;1;1
HRJP;UNIDADE INTERNAÇÃO - CLÍNICA MÉDICA ALA B;2025;4;1;1
HRJP;UNIDADE INTERNAÇÃO - CLÍNICA PSIQUIÁTRICA ALA A;2025;4;1;1
HRJP;UTI - ADULTO;2025;4;9;9
HRJP;UTI - NEONATAL I;2025;4;1;1
HRJP;UTI - NEONATAL II;2025;4;1;1
HRJP;UTI - PEDIÁTRICO;2025;4;1;1
HRJP;UNIDADE INTERNAÇÃO - CLÍNICA MÉDICA ALA A;2025;5;1;1
HRJP;UNIDADE INTERNAÇÃO - CLÍNICA MÉDICA ALA B;2025;5;1;1
HRJP;UTI - ADULTO;2025;5;7;7
HRJP;UTI - NEONATAL I;2025;5;1;0
HRJP;UTI - NEONATAL II;2025;5;1;1
HRJP;UTI - PEDIÁTRICO;2025;5;2;2
HRJP;UNIDADE DE INTERNAÇÃO - CLÍNICA DIP ALA C;2025;6;1;1
HRJP;UNIDADE INTERNAÇÃO - CLÍNICA CIRÚRGICA ALA B;2025;6;1;1
HRJP;UNIDADE INTERNAÇÃO - CLÍNICA MÉDICA ALA A;2025;6;1;1
HRJP;UTI - ADULTO;2025;6;5;5
HRJP;UTI - NEONATAL II;2025;6;1;1
HRJP;UTI - PEDIÁTRICO;2025;6;1;1
HRJP;UNIDADE INTERNAÇÃO - CLÍNICA MÉDICA ALA B;2025;7;1;1
HRJP;UNIDADE INTERNAÇÃO - CLÍNICA TISIOLÓGICA ALA B;2025;7;1;1
HRJP;UTI - ADULTO;2025;7;5;5
HRJP;UTI - NEONATAL I;2025;7;2;2
HRJP;HRJP - LOCAL NASCIMENTO - RN;2025;8;2;2
HRJP;UNIDADE INTERNAÇÃO - CLÍNICA MÉDICA ALA B;2025;8;2;2
HRJP;UTI - ADULTO;2025;8;2;2
HRJP;UTI - NEONATAL I;2025;8;1;1
HRJP;UNIDADE INTERNAÇÃO - CLÍNICA CIRÚRGICA ALA A;2025;9;1;1
HRJP;UNIDADE INTERNAÇÃO - CLÍNICA CIRÚRGICA ALA B;2025;9;1;1
HRJP;UNIDADE INTERNAÇÃO - CLÍNICA MÉDICA ALA B;2025;9;3;3
HRJP;UTI - ADULTO;2025;9;8;8
HRJP;UTI - PEDIÁTRICO;2025;9;2;1
HRJP;UTI - ADULTO;2025;10;16;16
HRJP;UTI - NEONATAL I;2025;10;1;1
HRJP;UTI - PEDIÁTRICO;2025;10;2;1
HRJP;UNIDADE DE INTERNAÇÃO - CLÍNICA DIP ALA C;2025;11;1;1
HRJP;UNIDADE INTERNAÇÃO - CLÍNICA CIRÚRGICA ALA C;2025;11;1;1
HRJP;UNIDADE INTERNAÇÃO - CLÍNICA MÉDICA ALA A;2025;11;1;1
HRJP;UTI - ADULTO;2025;11;8;8
HRJP;UTI - PEDIÁTRICO;2025;11;2;2
HRJP;UNIDADE INTERNAÇÃO - CLÍNICA MÉDICA ALA A;2025;12;1;1
HRJP;UNIDADE INTERNAÇÃO - CLÍNICA MÉDICA ALA B;2025;12;1;1
HRJP;UTI - ADULTO;2025;12;10;10
HRJP;UTI - NEONATAL I;2025;12;1;1
HRJP;UTI - PEDIÁTRICO;2025;12;3;3
IRS;UNIDADE INTERNAÇÃO - PSIQUIATRIA ALA B;2023;3;1;1
IRS;UNIDADE INTERNAÇÃO - PSIQUIATRIA ALA C;2023;7;1;1
IRS;UTC - UNIDADE DE TRATAMENTO CLÍNICO;2023;12;1;1
MOV;UTI - NEONATAL;2022;1;1;1
MOV;UTI - NEONATAL;2022;4;1;1
MOV;UTI - NEONATAL;2022;5;3;2
MOV;UTI - NEONATAL;2022;6;1;1
MOV;UTI;2022;7;3;3
MOV;UTI - NEONATAL;2022;7;3;3
MOV;UTI - NEONATAL;2022;8;1;1
MOV;UTI - NEONATAL;2022;9;2;2
MOV;UNIDADE INTERNAÇÃO - CLINICA CIRURGICA;2022;11;1;1
MOV;UTI - ADULTO;2022;11;1;0
MOV;UTI - NEONATAL;2022;11;2;2
MOV;UTI - ADULTO;2022;12;3;3
MOV;UTI - NEONATAL;2023;1;1;1
MOV;UTI - ADULTO;2023;2;1;1
MOV;UTI - NEONATAL;2023;3;2;2
MOV;UTI - ADULTO;2023;4;2;2
MOV;UTI - NEONATAL;2023;4;1;1
MOV;UTI - ADULTO;2023;5;1;1
MOV;UTI - NEONATAL;2023;5;2;2
MOV;UTI - ADULTO;2023;6;1;1
MOV;UTI - NEONATAL;2023;7;4;4
MOV;UTI - NEONATAL;2023;8;1;1
MOV;UTI - ADULTO;2023;9;1;0
MOV;UTI - ADULTO;2023;10;2;2
MOV;UTI - NEONATAL;2023;10;2;2
MOV;MOV - LOCAL NASCIMENTO - RN;2023;11;1;1
MOV;UTI - ADULTO;2023;11;2;2
MOV;UTI - NEONATAL;2023;11;1;1
MOV;UTI - ADULTO;2023;12;1;1
MOV;UTI - NEONATAL;2023;12;1;1
MOV;MOV - LOCAL NASCIMENTO - RN;2024;1;1;1
MOV;UTI - ADULTO;2024;1;2;1
MOV;UTI - ADULTO;2024;2;1;1
MOV;UTI - NEONATAL;2024;2;2;1
MOV;UTI - NEONATAL;2024;3;3;3
MOV;UTI - NEONATAL;2024;4;3;3
MOV;UTI - NEONATAL;2024;5;2;1
MOV;UTI - ADULTO;2024;6;2;1
MOV;UTI - NEONATAL;2024;6;2;2
MOV;UTI - ADULTO;2024;7;2;2
MOV;UTI - NEONATAL;2024;8;1;1
MOV;ALOJAMENTO CONJUNTO;2024;9;1;1
MOV;UTI - NEONATAL;2024;9;3;3
MOV;UTI - ADULTO;2024;10;3;2
MOV;UTI - NEONATAL;2024;10;6;6
MOV;UTI - ADULTO;2024;11;1;1
MOV;UTI - NEONATAL;2024;11;2;2
MOV;UTI - ADULTO;2024;12;1;1
MOV;UTI - ADULTO;2025;1;1;1
MOV;UTI - NEONATAL;2025;1;6;6
MOV;UNIDADE DE CUIDADO INTERMEDIÁRIO NEONATAL CONVENCIONAL;2025;2;1;1
MOV;UTI - ADULTO;2025;2;2;2
MOV;UTI - NEONATAL;2025;2;9;9
MOV;UTI - ADULTO;2025;3;1;1
MOV;UTI - NEONATAL;2025;3;2;2
MOV;CLINICA CIRÚRGICA;2025;4;2;2
MOV;MOV - LOCAL NASCIMENTO - RN;2025;4;2;2
MOV;UTI - ADULTO;2025;4;1;1
MOV;UTI - NEONATAL;2025;4;4;4
MOV;UTI - ADULTO;2025;5;2;2
MOV;UTI - NEONATAL;2025;5;4;4
MOV;UTI - ADULTO;2025;6;1;0
MOV;UTI - NEONATAL;2025;6;5;5
MOV;UTI - ADULTO;2025;7;1;1
MOV;UTI - NEONATAL;2025;7;1;1
MOV;CLINICA CIRÚRGICA;2025;8;1;1
MOV;MOV - LOCAL NASCIMENTO - RN;2025;8;1;1
MOV;UTI - ADULTO;2025;8;1;1
MOV;UTI - NEONATAL;2025;8;3;2
MOV;MOV - LOCAL NASCIMENTO - RN;2025;9;1;1
MOV;UTI - NEONATAL;2025;9;3;2
MOV;ALOJAMENTO CONJUNTO;2025;10;1;1
MOV;MOV - LOCAL NASCIMENTO - RN;2025;10;3;1
MOV;UTI - NEONATAL;2025;10;1;1
MOV;MOV - LOCAL NASCIMENTO - RN;2025;11;1;0
MOV;UTI - NEONATAL;2025;11;2;1
MOV;UTI - ADULTO;2025;12;1;1
MOV;UTI - NEONATAL;2025;12;3;2
